,TSLA,RIVN,ON,LCID,OLED,ALGM,POWI,WOLF,ENS,AEIS,BE,VICR,HASI,NVTS,GGR,LICY
,close,close,close,close,close,close,close,close,close,close,close,close,close,close,close,close
timestamp,,,,,,,,,,,,,,,,
2022-01-03 05:00:00+00:00,1199.78,102.72,70.17,40.93,171.41,36.41,92.54,121.14,81.1,92.82,22.14,123.98,54.06,16.26,9.93,10.07
2022-01-04 05:00:00+00:00,1149.59,101.39,70.95,39.41,175.26,35.28,91.53,121.7,82.21,92.9,21.55,126.18,53.64,15.61,9.88,9.99
2022-01-05 05:00:00+00:00,1088.12,90.01,67.42,36.68,166.11,33.21,86.63,114.46,79.72,89.42,20.21,123.14,49.86,14.45,9.93,9.12
2022-01-06 05:00:00+00:00,1064.7,87.33,67.25,38.22,164.74,32.97,87.75,113.05,79.13,91.8,19.47,120.0,49.42,13.5,9.94,8.8
2022-01-07 05:00:00+00:00,1026.96,86.28,64.56,41.98,158.85,32.17,85.11,108.97,78.85,89.57,19.25,115.94,49.0,13.13,9.9,9.02
2022-01-10 05:00:00+00:00,1058.12,81.44,65.12,41.72,160.13,32.23,85.05,106.77,78.36,88.79,19.13,111.75,47.89,13.03,9.9,8.69
2022-01-11 05:00:00+00:00,1064.4,83.55,65.93,45.47,161.97,32.46,85.64,108.91,79.87,90.25,19.65,115.08,48.72,12.6,9.92,8.99
2022-01-12 05:00:00+00:00,1106.22,86.48,66.49,45.43,162.0,32.13,84.42,110.5,79.9,92.23,19.18,112.62,48.56,12.41,9.92,9.54
2022-01-13 05:00:00+00:00,1031.56,80.31,64.64,41.41,157.82,30.81,83.41,105.14,80.48,92.13,18.31,108.77,46.2,11.63,9.92,9.55
2022-01-14 05:00:00+00:00,1049.61,79.95,66.2,42.22,164.29,30.76,85.0,108.07,80.35,93.73,18.13,108.57,46.19,11.19,9.91,9.09
2022-01-18 05:00:00+00:00,1030.51,73.16,63.03,39.21,151.42,28.66,82.69,102.3,78.65,89.1,17.04,102.39,42.15,11.07,9.9,8.53
2022-01-19 05:00:00+00:00,995.65,69.4,59.01,40.03,149.31,27.86,80.52,96.55,77.53,86.11,16.83,99.74,42.14,10.39,9.92,8.15
2022-01-20 05:00:00+00:00,996.27,65.02,55.54,38.72,146.13,26.99,78.36,92.64,75.84,85.11,16.66,93.99,38.89,10.79,9.91,8.11
2022-01-21 05:00:00+00:00,943.9,64.51,54.73,37.75,145.53,26.59,78.16,89.81,74.21,85.87,15.58,90.98,38.78,10.16,9.9,7.65
2022-01-24 05:00:00+00:00,930.0,63.9,55.34,37.75,150.91,27.41,79.94,92.93,75.93,88.0,15.63,92.77,40.07,9.94,9.9,7.57
2022-01-25 05:00:00+00:00,918.4,59.61,53.32,35.46,145.08,26.06,77.12,88.94,74.35,84.19,15.22,87.81,38.45,9.54,9.88,7.31
2022-01-26 05:00:00+00:00,937.41,60.27,55.76,33.41,145.93,26.6,79.11,89.79,73.29,86.12,14.49,88.77,38.05,9.7,9.91,7.03
2022-01-27 05:00:00+00:00,829.1,53.94,53.67,28.7,140.55,25.61,75.37,89.47,72.98,79.24,13.22,82.76,36.75,8.65,9.88,6.7
2022-01-28 05:00:00+00:00,846.35,57.12,53.76,27.15,143.48,26.33,75.43,87.74,73.77,81.9,13.59,85.98,37.25,9.07,9.88,7.04
2022-01-31 05:00:00+00:00,936.72,65.74,59.0,29.39,153.51,28.38,80.71,94.24,74.93,86.18,15.08,94.33,41.48,9.97,9.9,7.58
2022-02-01 05:00:00+00:00,931.25,69.62,59.65,29.96,153.01,28.69,79.95,97.45,75.31,86.4,15.22,93.53,41.18,10.29,9.93,7.78
2022-02-02 05:00:00+00:00,905.66,64.32,61.08,27.68,152.55,28.63,81.07,96.1,74.95,86.5,14.9,94.47,40.42,9.79,9.93,7.53
2022-02-03 05:00:00+00:00,891.14,60.36,56.21,26.95,141.31,27.57,79.13,90.29,73.63,83.87,14.08,91.61,39.78,8.96,9.91,7.09
2022-02-04 05:00:00+00:00,923.32,60.87,57.42,27.55,144.25,27.8,83.11,92.64,73.0,82.69,14.25,93.21,40.89,9.83,9.89,7.09
2022-02-07 05:00:00+00:00,907.34,58.36,62.26,26.97,144.17,27.79,83.81,91.99,73.48,83.05,14.41,94.97,41.69,10.07,9.89,7.15
2022-02-08 05:00:00+00:00,922.0,60.95,65.97,27.43,146.77,28.58,86.51,95.28,73.82,83.69,14.85,101.7,41.73,10.85,9.9,7.35
2022-02-09 05:00:00+00:00,932.0,64.53,67.08,28.83,152.1,29.65,89.41,99.27,74.58,85.67,16.03,106.11,43.29,11.61,9.91,8.27
2022-02-10 05:00:00+00:00,904.55,64.72,63.42,27.91,147.13,28.92,86.87,96.62,73.52,85.59,15.49,104.5,40.71,11.33,9.92,7.48
2022-02-11 05:00:00+00:00,860.0,58.85,58.97,25.84,141.58,27.53,84.52,95.43,70.47,82.06,16.88,99.99,39.88,10.82,9.92,7.26
2022-02-14 05:00:00+00:00,875.76,62.65,58.66,27.44,141.49,27.71,84.89,97.04,71.06,82.28,17.51,100.37,39.81,10.9,9.92,7.29
2022-02-15 05:00:00+00:00,922.43,66.29,62.24,28.87,148.96,29.03,90.61,106.99,73.62,88.24,19.93,107.53,40.99,11.72,9.91,7.72
2022-02-16 05:00:00+00:00,923.39,66.25,63.11,29.0,148.35,29.26,92.88,105.4,75.28,89.11,19.76,104.83,41.54,9.56,9.91,7.67
2022-02-17 05:00:00+00:00,876.35,64.74,60.19,28.11,139.48,28.13,91.57,100.05,72.07,86.37,18.91,98.7,39.81,9.46,9.92,7.48
2022-02-18 05:00:00+00:00,856.98,66.37,60.2,26.59,137.62,27.88,89.64,96.59,71.66,86.33,18.35,95.18,44.14,9.47,9.92,7.05
2022-02-22 05:00:00+00:00,821.53,62.39,58.44,25.51,135.9,27.34,87.75,93.85,70.58,83.62,17.52,92.85,43.05,9.1,9.93,6.68
2022-02-23 05:00:00+00:00,764.04,57.53,57.75,23.975,132.98,26.7,86.49,91.87,70.16,82.82,17.48,89.41,43.23,8.96,9.93,6.39
2022-02-24 05:00:00+00:00,800.77,63.71,61.08,25.28,163.18,28.51,90.23,100.02,71.7,86.24,19.91,100.25,46.25,9.26,9.91,7.02
2022-02-25 05:00:00+00:00,809.87,63.43,63.5,26.35,157.71,28.48,89.57,101.1,73.73,88.03,20.32,74.98,46.56,9.6,9.93,7.4
2022-02-28 05:00:00+00:00,870.43,67.56,62.61,28.98,154.91,28.67,90.0,102.72,72.73,85.85,22.2,74.77,47.34,9.74,9.92,7.77
2022-03-01 05:00:00+00:00,864.37,61.91,59.65,24.99,154.22,27.7,86.73,98.44,70.23,85.1,22.56,71.74,48.55,9.38,9.92,7.67
2022-03-02 05:00:00+00:00,879.89,53.56,62.87,24.58,159.07,27.84,90.06,100.41,71.88,88.34,22.39,77.27,47.69,9.55,9.92,7.35
2022-03-03 05:00:00+00:00,839.29,50.91,61.51,22.63,155.91,26.94,88.36,99.3,71.26,86.38,21.7,76.66,47.48,8.79,9.92,7.17
2022-03-04 05:00:00+00:00,838.29,47.39,58.33,22.63,156.07,25.95,86.3,94.91,69.93,82.33,21.1,72.59,49.09,8.3,9.93,6.52
2022-03-07 05:00:00+00:00,804.58,42.43,53.52,23.17,155.18,25.0,84.68,90.71,69.49,81.23,21.32,73.01,49.76,8.02,9.92,6.78
2022-03-08 05:00:00+00:00,824.4,42.21,55.79,24.24,162.07,25.67,86.92,93.34,67.82,81.66,23.67,76.87,50.82,8.25,9.92,7.74
2022-03-09 05:00:00+00:00,858.97,43.95,58.43,25.26,162.98,26.71,89.39,99.26,71.04,86.24,23.9,79.08,48.05,8.48,9.94,8.34
2022-03-10 05:00:00+00:00,838.3,41.16,57.63,24.21,162.35,26.25,87.69,96.13,75.06,83.98,23.43,77.0,48.0,8.23,9.94,8.27
2022-03-11 05:00:00+00:00,795.35,38.05,55.89,22.92,156.81,25.77,87.16,92.06,73.53,83.48,22.85,76.39,47.19,7.88,9.93,8.16
2022-03-14 04:00:00+00:00,766.37,35.83,53.91,21.55,146.73,25.08,84.04,86.46,71.65,78.42,20.66,68.69,44.79,7.63,9.9,7.91
2022-03-15 04:00:00+00:00,801.89,37.0,56.66,21.98,154.22,25.91,88.0,91.54,72.46,82.74,21.2,70.74,45.16,8.0,9.9,8.01
2022-03-16 04:00:00+00:00,840.23,41.58,60.11,23.62,160.12,27.53,91.4,99.25,74.97,85.97,22.35,72.99,45.82,9.01,9.91,8.55
2022-03-17 04:00:00+00:00,871.6,42.13,60.76,24.65,160.76,28.25,93.42,103.19,75.53,90.26,23.48,76.38,45.69,9.54,9.93,9.42
2022-03-18 04:00:00+00:00,905.39,45.6,61.93,25.67,166.07,29.5,97.01,105.69,77.05,90.57,23.94,78.41,45.87,9.66,9.94,9.25
2022-03-21 04:00:00+00:00,921.16,43.56,61.93,25.39,164.62,29.37,95.08,103.96,76.16,88.79,23.11,76.75,45.03,9.42,9.95,8.49
2022-03-22 04:00:00+00:00,993.98,46.93,62.18,26.65,165.97,29.07,95.92,104.4,76.95,89.2,23.78,77.5,46.76,9.72,9.96,8.61
2022-03-23 04:00:00+00:00,999.11,45.87,60.39,25.9,162.56,28.31,94.44,103.51,75.66,86.63,24.01,61.77,45.96,9.28,9.97,8.4
2022-03-24 04:00:00+00:00,1013.92,48.66,63.58,26.25,169.35,29.32,97.44,108.95,76.43,90.22,24.94,64.1,46.16,10.63,10.0,7.93
2022-03-25 04:00:00+00:00,1010.64,46.16,63.81,25.16,168.7,29.18,96.32,112.7,75.48,89.81,24.18,64.07,46.08,10.48,9.98,7.66
2022-03-28 04:00:00+00:00,1091.84,45.98,65.32,25.38,169.73,28.87,96.41,116.36,73.98,88.7,24.15,64.13,46.33,10.28,9.93,7.63
2022-03-29 04:00:00+00:00,1099.57,53.88,67.36,27.36,175.55,30.05,98.1,121.45,76.32,91.64,25.47,67.7,47.14,10.63,10.04,8.19
2022-03-30 04:00:00+00:00,1093.99,52.01,64.43,26.5,169.62,29.49,94.48,115.6,75.82,87.23,24.54,69.58,47.4,9.83,9.99,8.76
2022-03-31 04:00:00+00:00,1077.6,50.24,62.61,25.4,166.95,28.4,92.68,113.86,74.57,86.08,24.15,70.55,47.43,10.28,9.87,8.45
2022-04-01 04:00:00+00:00,1084.59,46.44,59.63,24.55,167.39,28.17,91.92,112.93,76.41,84.93,24.54,72.01,48.12,9.72,10.3,7.97
2022-04-04 04:00:00+00:00,1145.45,46.53,59.59,25.21,169.03,28.14,91.02,114.72,77.07,86.33,26.21,73.72,48.59,10.55,12.74,8.62
2022-04-05 04:00:00+00:00,1091.26,42.19,55.7,23.73,163.29,26.54,85.28,107.73,73.52,83.06,25.07,71.65,47.12,9.65,14.02,7.76
2022-04-06 04:00:00+00:00,1045.76,40.1,53.7,22.99,160.55,25.66,82.3,101.74,72.33,80.49,23.93,68.96,46.3,9.04,14.75,7.33
2022-04-07 04:00:00+00:00,1057.26,39.98,54.09,22.32,158.14,25.41,82.56,100.9,71.52,81.09,23.15,66.98,42.67,8.73,14.02,7.37
2022-04-08 04:00:00+00:00,1025.49,38.8,52.73,21.67,154.18,24.69,81.21,103.78,70.44,77.23,22.55,65.63,42.81,8.5,14.1,7.33
2022-04-11 04:00:00+00:00,975.93,39.5,52.33,21.7,149.0,24.02,79.17,104.69,69.22,75.52,22.95,61.97,42.56,8.35,10.56,7.5
2022-04-12 04:00:00+00:00,986.95,38.15,53.14,21.29,150.82,23.75,80.8,109.32,68.51,76.04,22.37,61.02,43.69,8.1,10.72,7.24
2022-04-13 04:00:00+00:00,1022.37,41.15,54.25,22.05,152.47,24.47,82.45,114.65,69.62,75.7,23.26,62.81,44.54,8.36,10.14,7.66
2022-04-14 04:00:00+00:00,985.0,40.59,53.26,21.01,145.92,23.98,81.59,113.63,69.58,73.98,22.45,60.42,43.58,8.04,9.9,7.49
2022-04-18 04:00:00+00:00,1004.29,38.23,54.57,20.32,146.66,24.4,82.96,115.53,69.56,75.7,22.11,61.73,42.91,8.03,8.0,7.14
2022-04-19 04:00:00+00:00,1028.15,39.15,56.38,21.41,149.9,24.97,84.88,114.69,70.86,77.95,23.29,64.78,43.19,8.22,8.94,7.22
2022-04-20 04:00:00+00:00,977.2,36.23,55.4,20.87,144.52,24.82,84.98,112.56,70.68,80.0,22.46,61.78,43.06,7.88,8.03,6.92
2022-04-21 04:00:00+00:00,1008.78,33.76,53.26,19.55,135.1,24.22,83.27,107.28,69.33,79.6,19.8,59.51,40.95,7.46,7.5,6.74
2022-04-22 04:00:00+00:00,1005.05,33.61,51.78,19.11,132.69,24.07,81.55,103.31,69.73,77.11,19.06,60.09,40.58,7.35,6.93,6.51
2022-04-25 04:00:00+00:00,998.02,33.9,53.48,19.33,133.94,24.55,82.83,105.25,68.37,78.63,19.64,60.61,41.16,7.58,6.99,6.92
2022-04-26 04:00:00+00:00,876.42,30.68,51.36,17.64,126.82,23.87,78.76,96.29,67.72,76.47,19.41,56.16,39.36,7.01,6.53,6.54
2022-04-27 04:00:00+00:00,881.51,31.22,51.21,18.07,126.12,23.89,79.58,92.0,66.43,73.84,19.49,56.46,40.56,6.84,6.42,6.77
2022-04-28 04:00:00+00:00,877.51,32.18,54.48,18.89,132.03,25.08,84.7,96.16,67.23,77.56,19.5,61.65,41.52,7.2,6.29,6.75
2022-04-29 04:00:00+00:00,870.76,30.24,52.11,18.08,127.73,24.31,80.0,91.71,65.46,76.52,18.56,60.52,39.99,6.86,6.1,6.49
2022-05-02 04:00:00+00:00,902.94,31.74,55.62,19.06,132.81,25.12,82.96,95.73,66.37,77.82,18.76,62.68,40.59,7.21,6.05,6.61
2022-05-03 04:00:00+00:00,909.25,31.99,56.51,19.6,134.2,25.74,83.61,95.69,65.34,78.73,18.95,64.77,41.6,7.39,5.95,6.96
2022-05-04 04:00:00+00:00,952.62,33.92,58.92,20.26,141.59,26.37,87.97,101.52,68.53,83.44,20.3,67.54,42.87,7.79,7.17,7.19
2022-05-05 04:00:00+00:00,873.28,30.71,55.23,18.85,129.62,25.76,83.18,86.5,65.67,79.69,18.97,63.41,40.19,7.21,6.59,7.74
2022-05-06 04:00:00+00:00,865.65,28.79,55.13,18.15,134.99,25.29,83.41,80.88,64.98,78.68,15.13,63.46,39.37,6.94,6.16,8.0
2022-05-09 04:00:00+00:00,787.11,22.78,50.82,16.35,122.49,23.95,80.8,70.09,62.54,75.31,13.59,59.35,38.6,5.64,6.47,7.65
2022-05-10 04:00:00+00:00,800.04,22.79,53.87,15.95,124.22,22.91,80.75,71.84,62.07,75.77,13.29,57.83,39.18,5.95,5.82,6.73
2022-05-11 04:00:00+00:00,734.0,20.6,51.77,13.86,116.58,22.4,78.31,66.44,61.04,74.26,12.13,55.46,36.17,5.57,5.69,6.34
2022-05-12 04:00:00+00:00,728.0,24.3,52.98,15.69,119.5,22.55,80.24,70.46,61.47,75.91,12.35,56.56,35.15,5.81,5.45,6.31
2022-05-13 04:00:00+00:00,769.59,26.7,56.18,18.01,126.4,23.62,84.13,78.07,62.18,79.52,13.88,60.15,37.53,6.67,5.76,7.11
2022-05-16 04:00:00+00:00,724.37,24.86,55.15,17.36,123.46,23.48,82.85,73.68,62.25,77.38,14.05,56.74,37.47,6.49,5.79,6.91
2022-05-17 04:00:00+00:00,761.61,27.49,58.5,17.85,128.02,24.24,86.15,75.12,64.84,80.88,14.81,60.48,39.01,7.01,5.29,7.31
2022-05-18 04:00:00+00:00,709.81,27.29,55.83,17.36,120.69,23.09,82.19,71.84,62.47,77.4,14.11,58.22,38.47,6.96,4.76,7.28
2022-05-19 04:00:00+00:00,709.42,29.61,56.07,19.27,121.93,23.31,82.44,71.71,63.02,76.6,15.57,59.89,38.82,7.45,4.66,7.68
2022-05-20 04:00:00+00:00,663.9,28.92,56.46,18.39,122.46,23.63,83.21,68.34,62.8,75.47,15.64,60.48,37.99,7.11,4.63,7.49
2022-05-23 04:00:00+00:00,674.9,27.99,55.89,18.4,122.06,24.2,82.42,68.04,63.4,75.86,16.07,61.68,37.55,7.16,4.31,7.99
2022-05-24 04:00:00+00:00,628.16,26.53,54.5,17.1,116.75,23.73,80.32,65.4,63.36,74.65,15.01,59.8,37.38,6.72,4.1,7.97
2022-05-25 04:00:00+00:00,658.8,27.25,56.24,17.45,119.97,24.16,79.01,65.31,64.97,76.3,15.61,62.5,37.92,7.05,4.33,8.04
2022-05-26 04:00:00+00:00,707.73,29.23,59.33,18.89,123.75,24.58,81.63,70.42,69.65,79.1,16.57,65.4,38.91,7.49,4.22,8.16
2022-05-27 04:00:00+00:00,759.63,30.96,61.14,19.83,128.84,25.55,84.93,75.93,70.77,82.22,18.28,68.75,40.23,8.0,4.2,8.18
2022-05-31 04:00:00+00:00,758.26,31.4,60.68,20.18,126.31,25.75,84.38,75.23,67.72,81.46,17.52,67.3,38.07,7.96,5.01,8.15
2022-06-01 04:00:00+00:00,740.37,30.25,59.27,19.5,125.8,25.35,83.84,73.88,67.23,79.84,17.01,67.26,38.19,7.73,5.12,7.72
2022-06-02 04:00:00+00:00,775.0,31.94,63.59,19.96,129.92,25.72,86.42,78.62,68.72,82.39,18.54,71.29,39.2,8.25,5.54,8.0
2022-06-03 04:00:00+00:00,703.55,30.19,62.94,18.67,125.13,25.08,83.45,74.69,68.42,80.77,18.22,69.77,38.6,8.12,5.48,7.59
2022-06-06 04:00:00+00:00,714.84,28.98,66.01,19.15,126.33,24.49,82.83,75.4,69.89,82.22,18.88,70.28,39.6,7.02,5.56,7.2
2022-06-07 04:00:00+00:00,716.66,29.72,65.48,18.96,128.33,24.96,83.55,78.67,70.8,82.22,19.18,69.48,40.04,6.72,5.57,7.11
2022-06-08 04:00:00+00:00,725.6,29.8,63.81,19.59,124.88,24.47,81.75,75.29,68.58,80.01,18.68,67.88,39.71,6.64,5.55,7.1
2022-06-09 04:00:00+00:00,719.12,28.87,62.66,18.88,120.45,23.73,79.81,73.05,67.61,79.64,17.85,65.11,39.43,6.41,5.3,7.48
2022-06-10 04:00:00+00:00,696.69,28.36,60.14,18.02,117.57,23.0,78.25,71.18,66.0,77.27,17.05,62.85,38.12,5.95,5.49,7.22
2022-06-13 04:00:00+00:00,647.21,26.81,56.07,16.31,110.35,21.45,73.28,64.71,62.05,73.93,15.61,58.01,34.88,5.31,4.72,6.79
2022-06-14 04:00:00+00:00,662.67,27.3,56.65,16.6,110.97,21.72,76.28,64.25,61.87,74.14,15.65,55.53,35.27,5.16,4.59,7.12
2022-06-15 04:00:00+00:00,699.0,29.08,58.04,17.52,113.5,22.03,78.12,64.84,63.67,74.27,16.64,58.09,35.93,5.46,5.26,7.48
2022-06-16 04:00:00+00:00,639.3,26.42,53.46,15.55,104.19,20.34,72.31,58.67,59.14,69.33,16.01,52.68,34.73,4.92,5.38,7.18
2022-06-17 04:00:00+00:00,650.28,26.24,52.46,16.63,107.36,20.72,73.02,60.57,58.88,70.19,16.99,55.1,35.3,5.37,5.42,7.77
2022-06-21 04:00:00+00:00,711.11,29.07,51.95,17.9,108.37,21.22,75.18,62.6,59.23,72.27,17.28,56.76,36.34,5.17,5.8,7.59
2022-06-22 04:00:00+00:00,708.26,28.56,51.01,18.03,107.02,20.8,73.27,61.85,59.25,71.87,16.85,56.66,36.67,4.77,5.8,7.48
2022-06-23 04:00:00+00:00,705.21,29.47,50.47,19.3,107.99,20.75,73.63,62.9,59.06,72.21,18.11,59.03,37.83,4.9,6.78,7.5
2022-06-24 04:00:00+00:00,737.12,29.5,52.97,19.21,113.67,21.43,76.01,71.4,60.92,73.94,18.08,60.37,37.94,4.73,7.01,7.37
2022-06-27 04:00:00+00:00,734.76,28.44,54.17,18.39,114.56,21.52,77.51,70.58,60.97,75.01,18.25,59.43,38.65,4.65,7.65,7.28
2022-06-28 04:00:00+00:00,697.99,26.99,52.81,17.94,110.14,21.19,76.0,66.58,58.83,73.34,17.11,57.72,38.23,4.31,7.5,6.89
2022-06-29 04:00:00+00:00,685.47,26.27,51.12,17.3,103.78,20.89,75.41,64.76,57.69,72.63,16.34,56.33,36.61,4.13,7.65,6.7
2022-06-30 04:00:00+00:00,673.42,25.74,50.31,17.16,101.14,20.69,75.01,63.45,58.96,72.98,16.5,54.73,37.86,3.86,7.65,6.88
2022-07-01 04:00:00+00:00,681.79,25.7,46.84,17.0,102.22,19.96,70.12,63.12,59.22,69.35,16.88,53.28,38.0,3.7,7.04,6.53
2022-07-05 04:00:00+00:00,699.2,26.86,47.3,17.23,105.13,19.63,70.14,67.69,59.49,73.12,17.2,53.56,37.87,3.72,6.75,6.33
2022-07-06 04:00:00+00:00,695.2,29.66,47.61,18.22,104.75,19.63,71.04,65.95,58.71,73.63,17.29,53.48,37.58,3.6,6.21,6.4
2022-07-07 04:00:00+00:00,733.63,31.63,52.01,19.81,108.53,20.32,74.33,69.88,60.47,75.02,18.37,55.43,38.62,4.03,7.09,6.61
2022-07-08 04:00:00+00:00,752.29,31.99,53.47,19.99,108.61,20.39,74.91,70.0,59.7,74.92,18.9,54.45,38.4,4.12,6.72,6.63
2022-07-11 04:00:00+00:00,703.03,29.93,52.6,18.53,105.83,19.94,72.73,67.19,58.24,74.1,17.87,52.61,36.33,3.73,6.09,6.01
2022-07-12 04:00:00+00:00,699.21,30.15,52.77,19.33,106.66,19.87,72.68,69.05,58.28,74.14,17.49,52.76,29.41,3.75,6.07,6.06
2022-07-13 04:00:00+00:00,711.12,30.76,52.48,19.51,107.59,19.68,72.54,71.56,57.72,74.85,17.61,52.51,30.21,3.69,6.07,6.13
2022-07-14 04:00:00+00:00,714.94,30.83,54.05,20.11,108.09,20.64,73.89,74.68,57.26,75.2,17.08,52.37,31.31,3.79,6.09,6.24
2022-07-15 04:00:00+00:00,720.2,31.6,56.07,19.68,108.69,21.16,76.49,75.36,58.57,77.06,16.05,52.86,31.38,4.03,5.89,6.32
2022-07-18 04:00:00+00:00,721.64,31.8,54.95,19.96,107.52,20.94,75.66,74.67,58.78,76.25,16.81,52.26,32.74,4.24,5.97,6.47
2022-07-19 04:00:00+00:00,736.59,31.71,58.78,20.38,113.43,21.96,78.16,77.17,61.58,80.67,17.45,53.01,33.82,4.36,6.0,6.64
2022-07-20 04:00:00+00:00,742.5,32.74,60.09,21.27,116.17,22.72,80.14,80.17,62.39,83.84,18.05,55.14,34.41,5.05,6.02,6.96
2022-07-21 04:00:00+00:00,815.12,34.13,61.17,21.48,117.22,22.89,82.15,79.68,63.28,86.11,17.62,55.82,34.64,5.05,6.51,7.18
2022-07-22 04:00:00+00:00,816.73,32.48,59.42,19.68,113.85,22.47,79.56,76.04,61.88,83.85,16.52,65.02,33.43,4.75,5.96,6.59
2022-07-25 04:00:00+00:00,805.3,32.17,59.34,18.74,112.86,22.34,79.49,77.0,62.37,83.69,17.06,67.36,32.42,4.81,5.89,6.57
2022-07-26 04:00:00+00:00,776.58,31.69,58.25,18.09,108.64,22.22,78.94,76.14,62.58,83.03,16.44,69.44,32.04,4.69,5.33,6.15
2022-07-27 04:00:00+00:00,824.46,32.01,62.51,18.43,114.87,23.89,82.72,81.05,63.6,86.83,17.2,70.72,32.82,5.13,5.78,6.23
2022-07-28 04:00:00+00:00,842.7,33.845,64.56,18.24,114.65,24.25,83.54,83.37,64.77,89.25,20.17,71.84,36.51,5.09,5.84,7.14
2022-07-29 04:00:00+00:00,891.45,34.3,66.78,18.25,115.46,24.83,85.01,83.3,65.91,89.49,20.23,72.96,36.09,5.22,5.99,7.19
2022-08-01 04:00:00+00:00,891.83,34.81,63.66,18.53,115.86,25.18,82.98,82.72,66.93,91.43,20.36,71.59,36.14,4.95,5.58,7.24
2022-08-02 04:00:00+00:00,901.76,35.01,65.59,19.73,115.0,25.41,82.87,83.66,66.19,90.1,21.4,73.08,37.13,5.12,5.58,7.38
2022-08-03 04:00:00+00:00,922.19,36.59,68.83,20.56,120.92,26.35,84.07,88.54,67.0,92.87,21.49,74.62,37.76,5.29,5.89,7.41
2022-08-04 04:00:00+00:00,925.9,36.18,68.05,18.56,119.05,26.75,85.17,88.4,68.45,94.11,22.88,76.56,38.12,5.34,5.45,7.51
2022-08-05 04:00:00+00:00,864.51,35.67,67.63,18.05,125.41,26.4,82.35,89.3,68.43,94.25,24.1,76.28,40.0,5.16,5.51,7.44
2022-08-08 04:00:00+00:00,871.27,38.09,67.34,18.72,120.68,25.98,81.36,88.2,68.83,94.49,25.15,74.27,43.46,4.94,5.62,7.58
2022-08-09 04:00:00+00:00,850.0,36.7,63.08,17.46,116.75,24.55,77.0,82.04,67.94,90.32,24.76,72.01,43.54,4.52,5.43,7.33
2022-08-10 04:00:00+00:00,883.07,37.4,66.2,18.22,123.49,25.8,80.9,87.33,71.01,94.09,29.3,75.77,45.71,5.35,5.53,7.45
2022-08-11 04:00:00+00:00,859.89,38.95,66.36,18.09,121.82,25.78,80.14,85.29,68.9,93.69,29.2,74.51,42.92,5.36,5.65,7.76
2022-08-12 04:00:00+00:00,900.09,38.9,71.16,18.66,126.15,26.51,82.21,90.15,70.88,95.0,30.46,77.04,44.29,5.88,5.5,8.08
2022-08-15 04:00:00+00:00,927.96,37.28,71.24,18.76,125.22,26.48,82.28,90.11,72.03,95.46,30.36,80.97,43.11,6.16,5.78,7.74
2022-08-16 04:00:00+00:00,919.69,38.23,70.71,18.93,124.43,26.4,81.385,88.59,71.41,96.42,26.8,82.17,42.62,7.76,5.42,7.68
2022-08-17 04:00:00+00:00,911.99,36.42,68.29,18.46,123.71,25.66,79.95,85.65,70.35,95.04,26.58,80.12,41.83,6.92,5.3,7.16
2022-08-18 04:00:00+00:00,908.61,35.9,73.25,18.23,127.43,26.24,83.29,112.94,71.05,98.01,26.57,81.97,42.54,7.07,5.2,7.23
2022-08-19 04:00:00+00:00,890.0,34.45,72.53,16.75,120.83,25.4,79.59,109.87,69.01,95.11,25.54,79.48,42.07,6.28,5.09,7.0
2022-08-22 04:00:00+00:00,869.74,33.06,68.8,16.1,116.03,24.65,77.73,107.1,67.68,92.61,24.7,73.97,39.72,5.55,5.07,6.69
2022-08-23 04:00:00+00:00,889.36,32.21,71.25,15.98,116.06,24.7,78.03,112.0,66.4,93.36,24.1,72.73,39.94,5.485,5.04,7.16
2022-08-24 04:00:00+00:00,891.29,32.56,72.03,16.44,116.01,24.97,77.64,115.83,66.91,93.56,25.67,74.25,39.96,5.67,5.1,7.53
2022-08-25 04:00:00+00:00,296.07,32.9,76.71,16.98,119.33,25.58,80.23,120.82,68.0,96.12,27.36,76.77,40.66,6.65,5.16,7.59
2022-08-26 04:00:00+00:00,288.09,32.11,71.58,16.24,112.38,24.41,76.38,116.9,64.28,90.63,26.22,73.65,40.17,6.23,4.88,7.28
2022-08-29 04:00:00+00:00,284.82,32.31,69.52,16.17,110.42,23.78,74.13,115.91,64.7,91.02,25.74,73.06,39.75,5.92,4.88,7.39
2022-08-30 04:00:00+00:00,277.7,31.89,68.97,15.15,109.74,23.76,73.17,114.96,63.4,89.77,25.4,71.56,38.97,5.89,4.83,7.23
2022-08-31 04:00:00+00:00,275.61,32.71,68.77,15.34,111.73,23.32,71.53,113.47,62.37,89.79,25.41,71.14,39.52,5.91,4.8,7.21
2022-09-01 04:00:00+00:00,277.16,31.95,68.22,15.38,108.91,22.07,68.64,110.87,62.32,87.11,24.66,64.05,38.96,5.14,4.62,6.67
2022-09-02 04:00:00+00:00,270.21,32.07,67.51,15.16,106.6,22.0,69.01,108.91,61.14,86.59,23.67,63.57,37.88,5.25,4.52,6.72
2022-09-06 04:00:00+00:00,274.42,33.22,66.05,14.61,104.85,22.45,69.32,109.08,60.39,86.11,24.07,61.95,38.0,5.24,4.32,6.95
2022-09-07 04:00:00+00:00,283.7,33.25,67.36,14.7,107.49,22.81,69.42,111.81,62.11,86.1,25.43,64.38,39.46,5.5,4.37,6.99
2022-09-08 04:00:00+00:00,289.26,36.88,70.55,14.99,105.92,23.12,69.28,111.29,62.69,87.07,25.76,65.86,39.31,5.62,4.39,6.98
2022-09-09 04:00:00+00:00,299.68,37.55,71.67,15.08,108.1,23.55,70.2,114.21,65.22,88.63,26.14,68.73,40.2,5.76,4.33,6.98
2022-09-12 04:00:00+00:00,304.42,38.74,71.9,16.55,108.83,23.67,70.0,116.85,66.44,89.31,26.23,70.25,41.2,5.73,5.25,7.42
2022-09-13 04:00:00+00:00,292.13,38.76,66.87,16.1,99.78,23.03,66.97,113.98,63.33,84.92,25.24,65.27,39.56,5.5,5.21,7.11
2022-09-14 04:00:00+00:00,302.61,40.1,68.57,16.63,103.74,22.88,67.78,118.35,63.43,85.77,26.68,65.49,39.85,5.72,5.55,6.72
2022-09-15 04:00:00+00:00,303.75,39.69,68.15,16.49,101.47,22.48,67.6,116.97,62.76,84.37,25.87,64.42,38.3,5.92,5.46,6.29
2022-09-16 04:00:00+00:00,303.35,39.26,68.94,16.18,101.69,22.29,68.86,120.26,62.3,84.33,25.19,62.38,37.94,5.77,5.35,6.03
2022-09-19 04:00:00+00:00,309.07,37.94,70.16,15.94,103.61,22.32,69.62,122.07,63.57,84.8,25.33,61.85,37.96,5.43,5.26,6.17
2022-09-20 04:00:00+00:00,308.73,35.75,68.48,15.34,103.86,22.17,67.86,119.36,62.44,84.0,23.9,62.28,36.69,5.44,4.65,6.2
2022-09-21 04:00:00+00:00,300.8,35.1,68.34,15.56,101.86,22.14,67.66,120.13,62.69,83.31,24.03,61.95,36.61,5.37,4.53,6.43
2022-09-22 04:00:00+00:00,288.59,33.33,64.96,14.31,98.95,21.98,65.75,109.83,61.24,81.2,22.86,59.94,34.27,4.89,4.9,6.07
2022-09-23 04:00:00+00:00,275.33,33.56,63.31,14.03,97.59,21.6,65.45,110.19,58.97,79.92,21.36,58.75,31.66,4.77,4.45,5.79
2022-09-26 04:00:00+00:00,276.01,33.85,62.7,14.06,96.48,21.55,64.88,109.82,58.94,78.72,20.75,57.98,30.66,4.75,4.07,5.67
2022-09-27 04:00:00+00:00,282.94,33.79,64.29,14.41,96.77,22.27,66.19,112.63,58.83,79.22,21.2,59.62,30.51,5.11,4.07,6.02
2022-09-28 04:00:00+00:00,287.81,35.08,65.5,15.22,97.6,23.26,66.36,111.31,60.68,81.07,21.65,62.33,31.16,5.28,4.1,6.15
2022-09-29 04:00:00+00:00,268.21,32.31,62.94,14.19,96.38,22.23,65.62,104.23,59.48,80.08,20.19,59.95,29.3,5.28,3.87,5.88
2022-09-30 04:00:00+00:00,265.25,32.91,62.33,13.97,94.35,21.85,64.32,103.36,58.17,77.41,19.99,59.14,29.93,4.85,3.77,5.32
2022-10-03 04:00:00+00:00,242.4,31.89,64.79,14.09,97.13,22.56,66.46,108.08,59.77,81.59,20.74,62.63,30.14,5.09,3.43,5.6
2022-10-04 04:00:00+00:00,249.44,36.3,68.92,15.4,101.98,23.19,67.92,117.72,63.32,84.01,21.9,64.43,31.63,5.46,3.59,5.68
2022-10-05 04:00:00+00:00,240.81,36.13,69.505,14.99,101.12,23.7,69.32,115.91,62.71,83.79,20.55,63.68,29.28,5.62,3.76,5.63
2022-10-06 04:00:00+00:00,238.13,36.76,70.25,14.41,103.13,23.91,69.77,115.07,62.12,83.15,19.08,62.68,28.36,5.34,3.83,5.62
2022-10-07 04:00:00+00:00,223.07,33.95,64.83,13.17,99.49,23.11,65.61,109.7,60.17,78.08,17.93,57.54,27.71,4.84,3.45,5.23
2022-10-10 04:00:00+00:00,222.96,31.48,61.93,12.48,97.26,22.4,63.9,107.61,60.57,75.52,17.5,55.68,27.15,4.28,3.24,5.25
2022-10-11 04:00:00+00:00,216.5,32.33,59.47,12.65,96.41,21.26,62.9,104.83,60.55,73.49,17.49,50.55,27.88,4.25,3.01,5.29
2022-10-12 04:00:00+00:00,217.24,32.35,58.95,13.09,94.74,20.88,62.78,102.17,59.11,71.72,16.66,50.26,26.28,4.02,3.16,5.31
2022-10-13 04:00:00+00:00,221.72,32.5,60.63,13.01,97.92,21.23,65.4,104.37,61.0,73.86,16.97,51.95,25.51,4.29,3.21,5.67
2022-10-14 04:00:00+00:00,204.99,28.71,57.77,11.89,92.62,20.21,62.99,97.59,58.95,70.73,16.41,47.35,22.91,4.08,3.01,5.45
2022-10-17 04:00:00+00:00,219.35,30.7,59.79,12.41,95.03,20.7,64.48,102.18,60.52,71.2,16.79,50.36,23.82,4.15,3.22,5.77
2022-10-18 04:00:00+00:00,220.19,31.64,60.73,13.01,95.18,21.24,64.26,104.59,61.54,71.68,17.16,51.3,23.61,4.12,3.22,5.63
2022-10-19 04:00:00+00:00,222.04,31.5,60.77,12.64,96.23,20.92,63.26,103.8,60.02,71.26,16.53,48.5,23.13,3.94,3.06,5.58
2022-10-20 04:00:00+00:00,207.28,30.73,61.52,12.6,95.18,21.01,63.51,101.86,58.79,70.88,16.25,45.09,22.09,4.19,3.02,5.71
2022-10-21 04:00:00+00:00,214.44,31.92,65.68,13.31,97.5,21.88,65.39,105.77,60.85,74.66,16.69,46.31,22.84,4.22,2.98,5.39
2022-10-24 04:00:00+00:00,211.25,31.34,65.35,12.8,95.38,22.2,65.5,103.02,60.98,74.19,16.59,45.91,22.27,4.18,2.85,5.31
2022-10-25 04:00:00+00:00,222.415,34.49,66.59,13.92,98.41,22.69,66.73,105.12,62.75,75.89,17.97,48.62,24.18,4.5,3.14,5.66
2022-10-26 04:00:00+00:00,224.64,34.44,67.74,13.91,97.71,22.68,66.13,106.44,64.3,76.02,18.44,47.89,25.88,4.55,3.09,5.84
2022-10-27 04:00:00+00:00,225.09,34.5,64.85,13.79,96.88,23.83,65.29,87.06,64.81,76.51,18.56,48.3,26.84,4.09,3.1,5.74
2022-10-28 04:00:00+00:00,228.52,34.48,67.48,14.23,99.05,25.36,67.34,85.9,65.33,79.02,18.52,49.95,27.29,4.24,3.0,5.92
2022-10-31 04:00:00+00:00,227.54,34.97,61.43,14.29,95.22,25.41,66.71,78.75,66.29,78.65,18.71,47.77,27.18,4.21,3.08,5.96
2022-11-01 04:00:00+00:00,227.82,33.48,61.74,13.62,96.97,25.86,67.56,76.79,67.28,79.78,18.27,50.75,27.23,4.15,3.15,5.82
2022-11-02 04:00:00+00:00,214.98,31.52,60.11,13.34,94.25,25.25,66.36,71.04,65.12,80.26,17.33,48.52,25.65,4.08,3.06,5.61
2022-11-03 04:00:00+00:00,215.31,32.24,59.19,13.64,89.97,25.43,62.09,72.69,65.1,80.44,17.23,48.48,26.64,4.12,3.12,5.82
2022-11-04 04:00:00+00:00,207.47,31.99,63.19,13.89,100.85,26.19,66.14,75.26,66.29,83.0,19.24,48.45,27.48,4.22,3.24,5.95
2022-11-07 05:00:00+00:00,197.08,31.32,65.47,13.85,104.09,26.23,69.57,75.17,67.2,82.21,19.41,50.47,28.25,4.14,3.14,5.76
2022-11-08 05:00:00+00:00,191.3,31.85,67.09,13.5,102.92,26.4,71.83,79.75,67.04,82.74,19.49,50.8,28.45,4.39,3.09,5.91
2022-11-09 05:00:00+00:00,177.59,28.07,63.83,11.21,100.52,26.31,69.94,78.12,66.59,81.97,18.26,48.05,28.95,4.0,2.85,5.63
2022-11-10 05:00:00+00:00,190.72,32.96,72.79,12.11,107.45,28.06,76.85,88.36,76.57,87.48,21.65,53.0,32.09,4.4,3.19,6.02
2022-11-11 05:00:00+00:00,195.97,34.9,75.05,12.91,110.61,28.53,78.0,91.8,77.54,92.39,21.83,58.9,33.05,4.89,3.35,6.31
2022-11-14 05:00:00+00:00,190.95,34.38,72.83,12.21,108.5,28.54,76.7,89.19,77.71,90.11,21.57,55.72,31.9,5.32,3.52,6.2
2022-11-15 05:00:00+00:00,194.42,35.15,74.3,12.36,113.44,29.27,80.93,93.81,78.13,93.28,21.99,56.42,31.48,5.46,3.6,6.19
2022-11-16 05:00:00+00:00,186.92,33.32,70.29,11.37,110.19,28.22,79.55,88.06,76.19,89.63,21.25,53.59,31.04,5.0,3.26,6.02
2022-11-17 05:00:00+00:00,183.17,32.07,71.11,11.46,109.54,29.24,78.71,90.73,76.29,88.05,21.12,52.19,30.95,4.74,3.52,6.05
2022-11-18 05:00:00+00:00,180.19,30.34,72.46,11.26,109.44,29.51,78.72,91.04,79.02,89.3,21.06,53.47,31.18,4.61,3.39,6.1
2022-11-21 05:00:00+00:00,167.87,28.42,71.15,10.31,107.25,29.4,74.45,88.18,75.7,89.49,20.85,52.3,30.81,4.49,3.19,5.69
2022-11-22 05:00:00+00:00,169.91,28.94,73.74,10.13,110.05,30.3,76.5,90.84,76.65,90.91,21.47,53.25,31.97,4.51,3.28,5.93
2022-11-23 05:00:00+00:00,183.2,29.71,74.0,10.25,110.74,31.56,78.35,91.94,75.68,92.02,22.31,54.49,30.96,4.65,3.3,6.12
2022-11-25 05:00:00+00:00,182.86,29.53,73.4,10.02,109.71,30.95,77.95,90.03,75.9,90.94,22.11,54.07,30.81,4.46,3.46,6.22
2022-11-28 05:00:00+00:00,182.92,28.64,69.96,9.85,107.86,30.06,76.24,83.96,73.5,88.69,21.03,51.27,30.22,4.15,3.35,5.95
2022-11-29 05:00:00+00:00,180.83,28.85,70.72,9.76,107.5,29.65,76.76,83.18,73.77,88.43,20.65,51.14,30.88,4.22,3.35,5.93
2022-11-30 05:00:00+00:00,194.7,32.04,75.2,10.14,112.62,31.14,80.48,90.92,75.58,92.64,21.29,53.99,32.44,4.76,3.67,6.37
2022-12-01 05:00:00+00:00,194.7,31.48,73.99,9.83,112.89,31.15,80.21,86.16,76.36,93.13,21.52,53.9,32.04,4.64,3.69,6.01
2022-12-02 05:00:00+00:00,194.86,31.36,73.04,10.15,112.69,31.5,79.03,84.29,77.87,92.67,21.98,52.84,31.79,4.49,3.69,6.2
2022-12-05 05:00:00+00:00,182.45,29.53,71.57,9.43,119.12,32.54,76.06,82.54,76.35,90.6,21.02,52.02,31.74,4.47,3.66,5.98
2022-12-06 05:00:00+00:00,179.82,27.89,69.74,8.65,114.4,31.84,73.47,80.77,74.38,89.51,20.13,51.6,30.75,4.29,3.48,5.6
2022-12-07 05:00:00+00:00,174.04,27.94,70.14,8.61,112.49,31.8,73.67,81.37,74.78,89.89,20.04,52.44,30.75,4.21,3.35,5.76
2022-12-08 05:00:00+00:00,173.44,28.58,72.16,8.68,115.15,32.6,75.97,85.44,74.67,91.5,20.54,54.1,31.66,4.32,3.46,5.76
2022-12-09 05:00:00+00:00,179.05,27.29,70.53,8.68,115.41,32.48,75.82,82.67,75.44,90.71,20.47,53.39,31.93,4.36,3.61,5.57
2022-12-12 05:00:00+00:00,167.82,25.61,70.99,8.28,115.67,32.52,76.78,83.23,76.13,92.0,21.81,54.54,33.08,4.13,3.46,5.58
2022-12-13 05:00:00+00:00,160.95,24.96,71.56,7.99,116.75,33.01,77.8,83.46,78.49,94.85,21.96,55.33,33.16,4.12,3.52,5.42
2022-12-14 05:00:00+00:00,156.8,24.54,67.59,7.68,116.37,32.49,75.54,81.22,79.0,93.91,23.26,54.97,34.56,4.01,3.48,5.29
2022-12-15 05:00:00+00:00,157.67,23.97,64.26,7.45,111.68,30.62,72.84,78.64,76.01,89.76,22.47,53.12,32.39,3.89,3.8,5.19
2022-12-16 05:00:00+00:00,150.23,22.48,65.38,7.37,110.37,30.16,71.73,77.06,74.18,88.84,22.04,53.4,30.73,3.72,3.9,5.1
2022-12-19 05:00:00+00:00,149.87,22.03,64.15,7.23,108.06,29.73,72.01,75.55,72.33,84.82,20.81,52.46,30.03,3.45,3.52,5.03
2022-12-20 05:00:00+00:00,137.8,21.4,64.03,7.23,108.87,29.9,72.02,75.53,72.14,85.63,20.55,53.02,30.7,3.44,3.38,4.92
2022-12-21 05:00:00+00:00,137.57,21.03,65.04,7.18,110.35,30.47,73.72,77.34,74.11,86.87,20.48,54.82,31.64,3.65,3.37,5.08
2022-12-22 05:00:00+00:00,125.35,19.73,62.12,6.89,106.99,29.88,72.41,73.49,72.79,83.28,19.52,52.42,31.14,3.56,3.73,4.81
2022-12-23 05:00:00+00:00,123.15,19.14,62.39,6.7,106.65,30.24,72.06,72.27,73.03,83.72,18.53,52.57,30.23,3.48,3.66,4.76
2022-12-27 05:00:00+00:00,109.1,17.74,61.36,6.2,105.4,29.86,71.93,69.81,73.29,83.97,17.64,52.12,29.54,3.22,3.33,4.64
2022-12-28 05:00:00+00:00,112.71,17.74,60.28,6.38,104.03,29.21,70.09,67.37,72.47,82.75,17.8,51.26,28.46,3.25,3.16,4.51
2022-12-29 05:00:00+00:00,121.82,18.73,62.71,6.7,107.97,29.98,71.95,69.24,74.42,85.73,18.7,53.49,29.98,3.45,3.09,4.74
2022-12-30 05:00:00+00:00,123.18,18.43,62.37,6.83,108.04,30.02,71.72,69.04,73.84,85.78,19.12,53.75,28.98,3.51,3.18,4.76
2023-01-03 05:00:00+00:00,108.1,17.34,61.61,6.17,106.7,29.32,71.66,67.22,72.71,85.54,19.19,54.24,28.44,3.61,3.35,4.72
2023-01-04 05:00:00+00:00,113.64,17.71,62.2,6.48,107.97,29.79,72.43,70.14,73.25,86.64,20.12,55.17,29.94,3.81,3.8,4.86
2023-01-05 05:00:00+00:00,110.34,16.56,59.74,6.25,107.27,28.86,71.52,68.93,72.86,86.09,19.16,53.03,29.78,3.63,3.88,4.93
2023-01-06 05:00:00+00:00,113.06,16.4,62.47,6.36,111.82,30.1,75.72,70.57,75.56,91.25,19.03,56.25,31.12,3.82,3.89,5.03
2023-01-09 05:00:00+00:00,119.77,16.62,64.65,6.78,115.86,31.26,78.98,72.78,76.06,92.27,19.89,57.06,31.37,4.05,4.0,5.22
2023-01-10 05:00:00+00:00,118.85,16.45,64.27,7.19,125.08,31.87,79.72,74.23,77.96,92.69,22.0,57.17,32.38,4.07,4.0,5.35
2023-01-11 05:00:00+00:00,123.22,17.08,64.63,7.93,126.15,32.71,80.21,76.98,79.14,92.31,23.05,57.65,33.6,4.19,4.0,5.49
2023-01-12 05:00:00+00:00,123.56,17.58,64.93,8.31,126.87,33.54,80.47,78.63,80.8,94.0,23.63,60.75,34.79,4.5,4.34,5.67
2023-01-13 05:00:00+00:00,122.4,16.45,65.15,8.15,128.58,33.74,82.17,79.87,81.57,93.0,23.17,60.26,34.9,4.58,4.17,5.79
2023-01-17 05:00:00+00:00,131.49,16.93,65.87,8.05,127.04,33.91,82.8,80.92,80.67,92.41,23.92,61.7,34.68,4.6,4.52,5.86
2023-01-18 05:00:00+00:00,128.78,16.5,66.33,8.16,127.69,33.54,83.49,81.12,79.69,92.74,23.81,62.31,34.43,4.41,4.82,5.64
2023-01-19 05:00:00+00:00,127.17,15.79,63.49,7.45,127.97,31.43,81.97,76.31,79.07,89.84,22.68,62.57,32.61,4.26,4.71,5.39
2023-01-20 05:00:00+00:00,133.42,16.23,66.26,7.82,129.17,32.45,84.65,79.92,80.34,91.91,24.04,65.19,33.07,4.4,4.55,5.62
2023-01-23 05:00:00+00:00,143.75,18.1,70.8,8.82,132.92,33.44,86.55,85.72,81.26,95.75,25.36,70.01,33.83,4.75,5.0,6.02
2023-01-24 05:00:00+00:00,143.89,18.05,70.08,8.6,130.89,33.35,84.58,81.61,81.2,95.24,24.99,71.05,33.98,4.84,4.88,5.95
2023-01-25 05:00:00+00:00,144.43,18.69,71.81,8.87,131.42,33.29,84.62,81.96,80.03,94.88,25.29,71.06,34.16,4.98,4.76,5.4
2023-01-26 05:00:00+00:00,160.27,18.31,73.68,9.0,132.11,35.43,86.51,77.09,79.79,95.26,24.77,70.31,34.35,5.01,4.63,5.42
2023-01-27 05:00:00+00:00,177.9,19.83,73.67,12.87,132.37,35.39,87.37,78.92,80.19,93.44,25.0,71.01,35.75,5.17,4.7,5.77
2023-01-30 05:00:00+00:00,166.66,18.04,71.02,11.75,129.2,34.43,85.83,73.76,78.56,90.19,24.18,67.25,35.32,4.93,4.63,5.36
2023-01-31 05:00:00+00:00,173.22,19.4,73.45,11.69,132.53,38.17,86.09,77.01,83.02,92.74,24.93,69.43,36.91,4.96,4.7,5.44
2023-02-01 05:00:00+00:00,181.41,19.71,77.84,11.845,135.84,39.68,88.96,83.91,84.61,98.11,25.42,70.16,37.72,5.56,4.85,5.76
2023-02-02 05:00:00+00:00,188.27,20.88,82.12,12.07,138.02,41.1,90.68,86.54,85.88,99.44,25.63,71.9,38.33,5.84,4.92,6.01
2023-02-03 05:00:00+00:00,189.98,19.9,80.89,11.62,135.99,41.56,89.53,81.68,85.75,99.16,24.69,70.55,38.37,5.8,5.01,5.76
2023-02-06 05:00:00+00:00,194.76,20.22,80.4,11.96,133.87,41.22,87.97,79.34,86.56,95.79,24.13,70.01,36.73,5.65,4.76,5.93
2023-02-07 05:00:00+00:00,196.81,19.91,85.53,11.57,136.86,42.84,86.15,82.94,86.99,97.66,24.28,70.38,36.75,5.73,4.76,5.98
2023-02-08 05:00:00+00:00,201.29,20.08,83.6,11.53,135.07,42.54,83.14,80.57,86.19,97.25,23.89,69.13,35.61,5.46,4.82,5.84
2023-02-09 05:00:00+00:00,207.32,19.42,84.75,10.31,134.98,42.7,83.15,81.89,90.93,93.1,23.64,66.08,34.96,5.37,4.5,5.81
2023-02-10 05:00:00+00:00,196.89,18.85,83.8,10.03,131.98,42.73,82.64,78.98,90.32,93.56,24.05,63.34,34.79,5.33,4.31,5.74
2023-02-13 05:00:00+00:00,194.64,18.92,84.38,10.2,133.25,43.68,84.31,79.78,92.7,95.6,23.3,64.34,35.6,5.32,4.5,5.74
2023-02-14 05:00:00+00:00,209.25,19.49,86.88,10.33,134.34,44.63,84.14,80.92,91.95,95.93,23.21,64.34,35.12,5.65,4.53,5.82
2023-02-15 05:00:00+00:00,214.24,21.15,86.71,11.01,135.55,45.92,84.23,82.97,92.31,98.38,24.41,64.9,36.08,5.85,4.92,6.13
2023-02-16 05:00:00+00:00,202.04,20.68,84.13,10.63,133.44,45.03,82.39,80.79,91.45,97.25,23.39,62.21,34.96,5.84,4.44,5.95
2023-02-17 05:00:00+00:00,208.31,20.22,81.86,10.93,132.56,44.5,82.66,77.63,91.0,97.14,23.49,61.29,34.2,5.77,4.65,5.83
2023-02-21 05:00:00+00:00,197.37,19.08,79.28,9.9,126.87,42.88,81.38,72.02,87.64,92.76,22.38,56.57,32.09,5.07,4.38,5.53
2023-02-22 05:00:00+00:00,200.86,19.02,78.56,9.98,128.12,43.04,81.48,72.54,88.17,92.45,22.42,56.47,31.01,5.405,4.37,5.68
2023-02-23 05:00:00+00:00,202.07,18.18,78.39,8.79,129.56,43.79,82.93,74.4,89.53,93.08,22.38,56.32,32.54,5.77,4.39,5.85
2023-02-24 05:00:00+00:00,196.88,17.32,76.28,8.51,137.44,43.23,82.49,71.64,87.83,91.86,21.32,40.85,31.7,6.13,4.02,5.67
2023-02-27 05:00:00+00:00,207.63,18.45,77.73,8.76,136.01,42.93,81.96,72.5,89.04,93.14,21.6,44.72,31.8,6.45,4.03,5.89
2023-02-28 05:00:00+00:00,205.71,19.3,77.41,9.13,135.85,43.68,82.25,73.98,90.69,93.08,21.69,47.0,31.41,6.49,4.02,6.06
2023-03-01 05:00:00+00:00,202.77,15.76,78.23,8.62,139.15,43.77,83.76,74.8,91.29,93.47,21.9,47.86,31.23,6.09,3.99,5.74
2023-03-02 05:00:00+00:00,190.9,15.72,76.75,8.53,138.97,44.18,84.3,69.58,91.45,94.37,21.68,47.32,31.03,6.07,4.05,5.69
2023-03-03 05:00:00+00:00,197.79,16.92,78.94,8.94,141.52,45.4,84.87,73.16,92.19,94.58,22.68,45.75,31.18,6.32,4.28,5.9
2023-03-06 05:00:00+00:00,193.81,17.13,77.41,8.82,140.62,45.35,83.01,71.27,90.9,93.69,22.78,43.23,31.04,6.31,4.06,5.93
2023-03-07 05:00:00+00:00,187.71,14.64,78.7,8.31,138.65,45.25,82.47,70.11,88.76,93.01,22.72,43.0,30.6,6.32,3.83,5.74
2023-03-08 05:00:00+00:00,182.0,15.13,83.1,8.34,141.2,46.03,83.3,70.15,88.9,95.3,22.34,43.69,30.0,6.75,3.73,5.75
2023-03-09 05:00:00+00:00,172.92,14.53,81.41,8.0,140.99,45.22,82.07,67.43,86.92,94.61,21.23,43.9,29.23,6.33,3.7,5.32
2023-03-10 05:00:00+00:00,173.44,14.16,78.38,7.87,136.45,44.06,81.35,62.52,83.53,92.62,20.12,42.9,27.65,6.17,3.7,5.19
2023-03-13 04:00:00+00:00,174.48,13.73,77.75,7.84,136.96,43.29,80.59,63.51,81.55,92.02,19.94,43.37,28.0,6.38,3.62,5.23
2023-03-14 04:00:00+00:00,183.26,13.21,81.2,7.54,141.81,45.16,83.66,65.08,83.15,97.19,20.15,43.79,27.38,6.49,3.59,5.35
2023-03-15 04:00:00+00:00,180.45,13.03,78.0,7.4,137.89,44.47,82.8,62.6,80.65,94.47,18.93,42.19,25.91,6.04,3.38,5.06
2023-03-16 04:00:00+00:00,184.13,13.46,80.5,7.83,143.65,46.03,84.79,63.11,81.7,96.36,18.02,42.72,23.91,6.665,3.54,5.25
2023-03-17 04:00:00+00:00,180.13,13.01,78.28,7.69,142.03,45.1,84.13,62.0,79.43,93.81,17.15,41.56,23.88,6.39,3.49,5.03
2023-03-20 04:00:00+00:00,183.25,13.02,79.98,7.7,144.88,46.56,85.62,62.28,81.39,95.77,17.2,42.22,23.94,6.45,3.47,5.02
2023-03-21 04:00:00+00:00,197.58,13.61,81.35,8.19,146.45,46.55,84.65,63.8,83.21,97.16,18.33,43.59,25.82,7.1,3.58,5.07
2023-03-22 04:00:00+00:00,191.15,13.29,78.82,7.93,144.89,45.76,82.45,61.19,81.21,96.18,17.75,43.67,25.72,6.82,3.61,5.01
2023-03-23 04:00:00+00:00,192.22,13.71,80.97,8.19,147.82,47.37,86.01,62.95,81.12,97.05,18.3,43.81,25.36,6.88,3.68,4.98
2023-03-24 04:00:00+00:00,190.41,13.62,77.81,8.19,146.06,46.34,83.32,61.3,81.5,96.96,18.28,43.53,26.0,6.5,3.67,4.87
2023-03-27 04:00:00+00:00,191.81,13.31,75.67,8.14,146.54,46.12,82.72,61.6,82.38,94.18,18.03,43.91,26.29,6.87,3.91,4.89
2023-03-28 04:00:00+00:00,189.19,12.96,76.53,7.55,144.65,45.08,81.01,60.69,83.98,93.45,18.09,43.79,26.55,6.46,3.82,4.79
2023-03-29 04:00:00+00:00,193.88,14.24,79.87,7.7,148.43,46.66,83.58,63.95,84.96,95.98,19.0,45.87,27.71,6.9,4.0,4.98
2023-03-30 04:00:00+00:00,195.28,14.4,81.83,7.62,152.69,47.38,83.29,63.56,85.73,96.58,19.55,46.28,28.26,6.95,4.02,5.48
2023-03-31 04:00:00+00:00,207.46,15.48,82.32,8.04,155.13,47.99,84.64,64.95,86.88,98.0,19.93,46.94,28.6,7.31,4.05,5.63
2023-04-03 04:00:00+00:00,194.77,15.23,81.14,7.9,152.82,47.86,84.08,62.35,85.68,96.17,20.16,46.96,27.86,7.23,3.89,5.68
2023-04-04 04:00:00+00:00,192.58,15.38,78.49,7.9,151.09,46.24,80.63,59.5,81.7,93.45,19.05,46.61,28.2,7.23,3.81,5.59
2023-04-05 04:00:00+00:00,185.52,14.63,76.54,7.7,150.15,45.61,78.95,57.76,80.74,91.19,18.26,45.19,27.57,6.83,3.67,5.4
2023-04-06 04:00:00+00:00,185.06,14.47,75.34,7.7,150.14,45.06,78.26,57.44,79.72,90.13,17.76,46.02,27.64,6.77,3.82,5.34
2023-04-10 04:00:00+00:00,184.51,14.81,77.7,8.03,151.48,46.2,80.25,58.28,80.84,91.64,18.41,45.42,28.11,6.97,3.69,5.65
2023-04-11 04:00:00+00:00,186.79,14.74,77.22,8.46,151.28,45.36,80.13,58.71,81.03,92.59,18.94,45.47,28.35,6.87,3.7,5.63
2023-04-12 04:00:00+00:00,180.54,14.19,76.46,8.13,148.7,44.82,79.0,56.13,81.57,91.97,18.48,45.05,27.96,6.71,3.68,5.61
2023-04-13 04:00:00+00:00,185.9,14.37,77.59,8.25,148.66,44.82,80.36,56.85,82.73,91.8,18.46,45.77,28.55,6.73,3.65,5.76
2023-04-14 04:00:00+00:00,185.0,13.38,77.92,7.73,145.51,45.04,78.84,56.23,81.85,91.15,18.25,44.36,27.88,6.78,3.42,5.63
2023-04-17 04:00:00+00:00,187.04,13.73,78.41,7.95,144.68,43.36,78.03,56.85,83.3,91.23,18.64,45.17,28.54,6.81,3.39,5.34
2023-04-18 04:00:00+00:00,184.31,13.43,79.21,7.83,143.3,44.34,78.05,57.68,83.14,90.54,18.3,42.92,28.5,6.97,3.33,5.14
2023-04-19 04:00:00+00:00,180.59,12.82,76.92,7.62,140.95,43.64,76.89,57.15,82.96,88.46,18.42,43.03,28.76,6.82,3.52,5.01
2023-04-20 04:00:00+00:00,162.99,12.35,74.26,7.07,142.14,41.87,76.84,58.4,82.95,88.95,18.14,42.96,28.27,6.77,3.49,4.86
2023-04-21 04:00:00+00:00,165.08,12.25,73.74,7.03,141.74,41.66,75.93,59.38,82.63,87.82,17.85,42.44,28.48,6.88,3.45,4.69
2023-04-24 04:00:00+00:00,162.55,12.36,74.38,7.0,138.05,41.13,75.9,59.71,83.24,86.51,17.88,42.62,29.03,6.44,3.31,4.73
2023-04-25 04:00:00+00:00,160.67,12.0,70.35,6.74,134.5,38.79,73.92,56.32,81.19,84.87,17.02,41.44,28.02,5.64,3.25,4.66
2023-04-26 04:00:00+00:00,153.75,12.04,71.95,7.22,133.09,38.44,73.87,57.4,80.18,83.97,16.45,43.55,26.41,5.48,3.29,4.66
2023-04-27 04:00:00+00:00,160.19,12.67,69.98,8.17,132.99,35.56,73.18,46.0,82.41,85.05,16.68,42.99,27.98,5.28,3.4,4.72
2023-04-28 04:00:00+00:00,164.31,12.82,71.96,7.94,133.46,35.77,72.78,46.55,82.97,86.5,16.65,42.97,28.38,5.33,3.36,4.75
2023-05-01 04:00:00+00:00,161.83,12.65,78.33,7.32,133.65,36.69,74.96,46.66,83.53,87.48,16.52,42.87,27.62,5.37,3.26,4.61
2023-05-02 04:00:00+00:00,160.31,12.68,79.17,7.27,130.98,37.53,75.46,45.66,82.92,87.5,15.96,41.61,24.99,5.43,3.26,4.39
2023-05-03 04:00:00+00:00,160.61,12.81,78.58,7.41,128.42,37.54,74.7,43.26,82.41,87.46,16.5,41.73,25.93,5.66,3.25,4.46
2023-05-04 04:00:00+00:00,161.2,12.95,77.83,7.38,134.93,36.57,73.64,40.25,81.22,84.05,16.14,41.28,24.91,5.65,3.34,4.87
2023-05-05 04:00:00+00:00,170.06,13.41,81.22,7.73,137.45,37.46,79.26,40.97,84.39,86.92,17.0,44.74,26.18,6.09,3.4,4.99
2023-05-08 04:00:00+00:00,171.79,13.87,80.52,7.71,139.27,37.63,79.31,41.3,84.57,86.39,16.95,42.99,25.52,6.47,3.37,5.13
2023-05-09 04:00:00+00:00,169.15,13.86,78.81,7.28,135.72,36.76,78.56,40.86,84.85,84.93,16.61,42.8,24.83,6.39,3.18,5.07
2023-05-10 04:00:00+00:00,168.54,14.11,79.87,7.16,138.36,37.83,80.96,40.81,84.66,85.8,15.2,43.51,25.92,6.42,3.23,5.15
2023-05-11 04:00:00+00:00,172.08,13.84,80.32,7.06,138.02,38.51,79.19,39.48,84.17,85.55,13.23,43.58,25.72,6.23,3.2,5.08
2023-05-12 04:00:00+00:00,167.98,12.91,81.34,7.04,136.73,38.02,78.41,40.09,83.66,85.4,12.72,44.1,25.45,6.25,3.2,4.94
2023-05-15 04:00:00+00:00,166.35,13.44,82.39,7.17,139.51,37.93,79.97,41.95,84.35,87.24,13.13,44.26,26.1,6.64,3.36,4.55
2023-05-16 04:00:00+00:00,166.52,13.08,83.04,6.98,148.63,38.14,79.37,40.02,83.05,87.71,13.12,46.05,24.69,7.99,3.18,4.49
2023-05-17 04:00:00+00:00,173.86,13.41,85.63,7.23,152.33,38.84,81.94,42.02,85.92,90.61,13.79,48.61,25.82,8.33,3.22,4.82
2023-05-18 04:00:00+00:00,176.89,13.54,86.49,7.29,150.49,38.83,85.11,43.18,85.99,92.36,13.65,49.28,25.79,8.5,3.13,4.57
2023-05-19 04:00:00+00:00,180.14,13.47,84.36,7.18,150.49,38.96,85.94,44.03,85.8,92.77,13.94,48.46,25.61,8.5,3.09,4.54
2023-05-22 04:00:00+00:00,188.87,14.23,85.24,7.65,151.91,39.33,86.79,46.32,86.78,93.47,14.78,49.8,26.78,9.16,3.12,4.97
2023-05-23 04:00:00+00:00,185.77,14.2,82.54,7.55,147.17,37.56,84.75,49.97,85.73,93.29,14.83,48.87,26.68,9.47,3.02,4.85
2023-05-24 04:00:00+00:00,182.9,14.38,79.79,7.49,145.93,36.55,83.17,49.14,84.08,92.81,13.8,46.57,24.06,7.51,3.02,4.72
2023-05-25 04:00:00+00:00,184.47,14.57,82.0,7.61,147.49,37.61,85.66,47.94,96.22,97.94,13.55,54.0,22.91,7.53,2.95,4.53
2023-05-26 04:00:00+00:00,193.17,15.14,86.62,7.87,153.92,39.73,89.64,51.2,98.44,100.65,13.99,60.15,23.0,8.51,3.03,4.58
2023-05-30 04:00:00+00:00,201.16,14.87,83.97,7.71,153.29,40.26,88.41,49.83,99.98,99.15,13.95,60.5,23.59,8.51,3.005,4.85
2023-05-31 04:00:00+00:00,203.93,14.73,83.6,7.76,147.33,39.33,86.4,48.04,97.27,98.15,13.72,55.35,23.53,8.55,2.94,4.72
2023-06-01 04:00:00+00:00,207.52,14.58,87.95,6.5,147.65,39.49,88.84,48.85,99.31,97.61,13.96,57.9,24.38,8.87,3.05,4.77
2023-06-02 04:00:00+00:00,213.97,14.48,86.83,6.6,148.18,39.48,88.8,49.06,103.22,99.34,14.42,56.89,24.87,8.94,3.05,4.93
2023-06-05 04:00:00+00:00,217.61,14.34,85.63,6.59,146.34,38.51,86.94,48.9,101.82,96.87,14.18,54.71,25.07,9.02,2.95,4.95
2023-06-06 04:00:00+00:00,221.31,14.5,88.48,6.9,147.99,39.41,89.2,49.48,103.8,100.53,15.12,55.77,25.23,9.04,3.17,5.32
2023-06-07 04:00:00+00:00,224.57,13.82,89.24,6.4,148.12,39.56,92.21,51.58,105.93,106.85,15.78,58.32,25.42,9.07,3.28,5.35
2023-06-08 04:00:00+00:00,234.86,14.05,89.99,6.28,147.43,39.5,93.27,53.53,104.37,106.09,15.21,58.01,25.62,9.32,3.23,5.28
2023-06-09 04:00:00+00:00,244.4,13.87,89.02,6.21,143.07,38.85,92.49,53.13,104.06,105.05,15.14,57.37,24.45,9.25,3.3,5.25
2023-06-12 04:00:00+00:00,249.83,14.0,91.06,6.27,144.78,40.0,93.31,54.93,104.91,107.21,16.85,59.03,25.37,9.77,3.18,5.53
2023-06-13 04:00:00+00:00,258.71,15.25,92.67,6.55,143.93,40.76,93.41,58.08,105.71,108.75,17.66,60.26,26.93,9.99,3.3,5.81
2023-06-14 04:00:00+00:00,256.79,14.74,92.74,6.4,145.36,40.64,92.7,56.49,105.45,107.36,16.85,59.15,27.48,10.0,3.29,5.65
2023-06-15 04:00:00+00:00,255.9,15.24,91.0,6.59,142.22,40.27,91.86,54.93,105.82,107.0,17.34,56.33,28.41,9.59,3.15,5.72
2023-06-16 04:00:00+00:00,260.54,14.88,90.15,6.48,143.37,40.16,90.58,53.07,104.4,107.59,17.16,54.88,27.14,9.38,3.18,5.64
2023-06-20 04:00:00+00:00,274.45,15.7,89.38,6.32,141.28,41.76,89.73,51.56,102.13,107.82,16.87,54.54,26.17,9.04,3.11,5.62
2023-06-21 04:00:00+00:00,259.46,14.62,88.07,6.05,139.13,41.18,88.93,50.51,103.7,106.35,16.5,53.52,25.6,8.84,3.08,5.44
2023-06-22 04:00:00+00:00,264.61,14.15,88.95,5.73,140.28,42.13,89.13,51.98,102.73,105.72,16.23,52.79,24.56,8.86,3.2,5.42
2023-06-23 04:00:00+00:00,256.6,13.53,87.52,5.47,135.95,41.25,86.85,49.45,102.39,105.1,15.44,53.07,23.74,8.77,3.19,5.44
2023-06-26 04:00:00+00:00,241.05,13.45,88.62,5.55,138.21,41.0,89.38,50.8,102.53,105.24,15.51,55.35,24.11,8.94,3.32,5.01
2023-06-27 04:00:00+00:00,250.21,13.94,91.87,6.1,140.77,42.59,91.92,56.22,105.72,108.57,15.99,56.235,24.42,9.32,3.29,5.15
2023-06-28 04:00:00+00:00,256.24,14.64,91.21,6.42,137.92,42.06,91.48,54.23,105.68,109.0,16.18,54.98,24.55,9.83,3.24,5.48
2023-06-29 04:00:00+00:00,257.5,16.01,92.08,6.88,141.5,43.48,93.35,55.17,107.27,110.54,16.25,54.38,25.12,9.98,3.19,5.6
2023-06-30 04:00:00+00:00,261.77,16.67,94.57,6.885,144.07,45.16,94.65,55.59,108.52,111.36,16.35,54.0,25.0,10.54,3.44,5.55
2023-07-03 04:00:00+00:00,280.0,19.56,96.83,7.39,143.85,45.23,94.8,56.74,108.59,111.37,16.32,54.57,24.74,10.4,3.43,5.7
2023-07-05 04:00:00+00:00,282.48,20.43,92.95,7.41,138.55,44.56,91.76,62.99,105.64,108.69,16.25,53.27,24.45,10.55,3.31,5.89
2023-07-06 04:00:00+00:00,276.54,21.62,92.61,7.08,137.61,43.7,89.97,58.92,105.39,107.56,15.55,53.44,23.97,10.01,3.22,5.58
2023-07-07 04:00:00+00:00,274.43,24.7,93.3,7.45,137.65,43.98,89.68,63.64,106.51,107.91,16.69,53.29,24.64,10.2,3.26,5.86
2023-07-10 04:00:00+00:00,269.61,25.51,95.98,7.93,141.56,45.84,92.01,64.62,108.9,109.78,17.37,52.95,25.27,10.26,3.33,6.03
2023-07-11 04:00:00+00:00,269.79,24.85,96.64,8.12,143.52,46.37,94.26,64.68,109.3,110.22,17.67,54.46,25.64,10.31,3.31,5.98
2023-07-12 04:00:00+00:00,271.99,25.91,98.63,7.16,145.72,47.17,96.97,65.26,110.36,114.39,17.59,55.11,26.37,10.34,3.28,6.0
2023-07-13 04:00:00+00:00,277.9,25.52,102.04,7.12,148.35,51.53,98.89,67.27,110.99,118.01,17.93,58.22,26.66,10.69,3.31,6.05
2023-07-14 04:00:00+00:00,281.38,24.82,99.68,6.7,144.25,49.87,97.19,64.47,110.68,116.59,17.59,58.33,26.2,9.97,3.25,5.67
2023-07-17 04:00:00+00:00,290.38,23.99,104.33,7.03,145.7,51.98,96.86,66.76,111.97,120.3,18.42,59.69,27.62,10.39,3.29,5.99
2023-07-18 04:00:00+00:00,293.34,24.69,104.84,7.04,145.69,52.72,95.78,67.54,112.98,122.12,18.2,59.21,28.56,10.64,3.29,5.86
2023-07-19 04:00:00+00:00,291.26,24.83,101.91,7.25,147.07,52.17,94.15,67.94,112.61,119.62,17.77,59.56,29.31,10.3,3.33,5.89
2023-07-20 04:00:00+00:00,262.9,25.81,97.3,6.92,141.17,49.63,91.87,63.44,111.39,116.42,17.39,59.08,28.34,9.56,3.27,5.73
2023-07-21 04:00:00+00:00,260.02,25.27,98.76,6.87,142.67,49.55,92.12,63.16,109.07,116.88,17.57,58.65,28.09,9.59,3.27,5.8
2023-07-24 04:00:00+00:00,269.06,25.81,97.69,7.17,141.91,47.88,91.13,62.43,108.32,116.29,17.8,59.09,27.68,9.53,3.27,5.79
2023-07-25 04:00:00+00:00,265.28,25.35,100.04,6.84,141.86,49.53,92.87,62.28,107.67,117.58,17.45,59.41,27.24,10.01,3.27,5.81
2023-07-26 04:00:00+00:00,264.35,27.15,99.25,7.17,144.07,48.66,91.34,63.09,107.27,116.92,17.89,93.7,27.04,9.62,3.29,5.9
2023-07-27 04:00:00+00:00,255.71,26.05,102.11,6.89,143.08,49.3,94.1,62.01,106.91,120.22,17.28,95.14,26.31,9.71,3.16,5.73
2023-07-28 04:00:00+00:00,266.44,26.94,105.09,7.47,143.74,50.84,95.23,64.14,106.77,121.16,17.36,95.14,26.02,10.07,3.19,6.0
2023-07-31 04:00:00+00:00,267.43,27.64,107.75,7.61,145.88,51.61,97.14,65.9,108.32,125.18,17.86,92.27,26.11,10.58,3.31,6.03
2023-08-01 04:00:00+00:00,261.07,27.3,108.09,7.27,143.66,45.24,94.85,63.25,107.88,126.03,17.67,88.0,24.94,10.83,3.3,6.0
2023-08-02 04:00:00+00:00,254.11,25.91,103.57,6.89,140.32,43.22,91.25,60.58,106.78,123.18,16.77,78.35,23.97,9.95,3.0,5.88
2023-08-03 04:00:00+00:00,259.32,26.5,102.7,6.89,139.09,43.13,90.01,58.99,105.31,122.61,16.57,74.96,24.4,9.88,3.11,5.86
2023-08-04 04:00:00+00:00,253.86,25.26,102.31,6.62,158.21,42.51,84.28,59.65,104.5,112.9,15.88,77.67,24.45,9.69,3.17,5.79
2023-08-07 04:00:00+00:00,251.45,24.28,103.59,6.41,164.6,42.04,86.78,58.95,105.08,115.77,15.72,77.3,21.71,9.34,3.15,5.55
2023-08-08 04:00:00+00:00,249.7,24.8,101.38,7.19,160.56,41.34,84.88,57.63,103.71,115.03,15.76,78.08,21.78,9.18,3.18,5.39
2023-08-09 04:00:00+00:00,242.19,22.35,99.09,7.08,155.53,40.73,85.12,56.55,102.77,113.83,15.57,76.84,22.46,8.84,3.02,5.49
2023-08-10 04:00:00+00:00,245.34,21.91,97.73,6.78,157.35,40.18,84.66,54.46,90.94,113.69,14.97,77.1,23.12,8.86,3.0,5.61
2023-08-11 04:00:00+00:00,242.65,21.57,94.57,6.64,153.91,39.27,83.21,54.43,94.71,111.86,15.06,75.9,23.64,8.3,3.09,5.49
2023-08-14 04:00:00+00:00,239.76,21.56,97.12,6.77,155.51,39.83,84.51,56.19,96.18,113.13,15.47,75.075,23.12,8.61,3.27,4.76
2023-08-15 04:00:00+00:00,232.96,20.78,94.13,6.41,153.2,38.91,82.89,54.43,99.25,112.97,14.81,74.35,23.56,9.01,3.08,4.49
2023-08-16 04:00:00+00:00,225.6,21.04,92.18,6.34,151.05,38.08,80.28,53.17,99.29,111.75,14.61,70.48,23.2,8.25,3.0,4.45
2023-08-17 04:00:00+00:00,219.22,20.95,90.03,6.23,150.68,37.39,80.01,44.1,97.51,109.88,14.45,68.61,20.17,7.775,3.01,4.38
2023-08-18 04:00:00+00:00,215.49,20.78,90.73,6.18,151.21,37.61,79.86,42.63,98.35,111.38,14.49,67.19,21.03,7.92,2.96,4.57
2023-08-21 04:00:00+00:00,231.28,21.18,93.03,6.26,152.79,38.73,82.09,44.48,99.98,113.06,14.42,68.45,19.48,8.41,2.95,4.36
2023-08-22 04:00:00+00:00,233.19,20.08,92.37,6.07,150.77,38.58,82.44,45.02,100.64,113.44,14.26,67.69,20.59,8.48,2.92,4.35
2023-08-23 04:00:00+00:00,236.86,20.32,92.88,6.07,152.03,39.34,84.12,47.96,103.43,115.33,14.68,70.17,21.07,8.61,3.03,4.46
2023-08-24 04:00:00+00:00,230.04,19.64,89.96,5.86,148.92,37.66,80.75,44.64,101.44,112.38,14.35,67.59,20.39,8.29,2.98,4.14
2023-08-25 04:00:00+00:00,238.59,20.07,92.32,6.02,149.93,37.54,80.99,45.29,102.12,112.52,14.46,67.5,20.32,8.49,3.0,4.29
2023-08-28 04:00:00+00:00,238.82,20.53,93.63,6.15,152.64,37.66,81.73,46.73,102.52,113.94,14.87,67.72,20.37,8.42,3.04,4.46
2023-08-29 04:00:00+00:00,257.18,22.31,97.61,6.33,158.3,38.65,83.84,48.55,104.67,117.48,15.45,68.52,21.64,8.18,3.04,4.68
2023-08-30 04:00:00+00:00,256.9,22.88,98.85,6.36,161.12,38.48,83.76,47.6,104.72,118.13,15.15,68.55,22.1,8.44,3.0,4.63
2023-08-31 04:00:00+00:00,258.08,22.73,98.46,6.28,162.56,38.25,84.02,47.82,104.98,118.07,14.99,67.77,22.37,8.83,3.01,4.44
2023-09-01 04:00:00+00:00,245.01,23.31,99.4,6.36,164.14,38.39,85.44,45.93,104.9,118.15,15.16,69.0,23.07,8.76,3.05,4.52
2023-09-05 04:00:00+00:00,256.49,23.39,99.31,6.3,161.78,37.86,84.48,45.45,101.75,114.25,15.1,67.43,25.01,8.58,2.98,4.72
2023-09-06 04:00:00+00:00,251.92,23.26,99.49,6.14,161.32,35.99,83.55,43.54,99.54,114.34,15.1,66.73,24.11,8.55,2.96,4.67
2023-09-07 04:00:00+00:00,251.49,23.42,98.51,6.0,157.39,35.07,79.75,43.07,97.19,105.74,15.05,64.01,24.18,8.25,2.94,4.56
2023-09-08 04:00:00+00:00,248.5,23.1,97.92,5.84,158.67,34.8,79.44,41.99,97.66,104.11,14.71,63.14,24.32,8.26,2.97,4.6
2023-09-11 04:00:00+00:00,273.58,23.41,97.85,5.84,158.08,34.15,78.68,42.38,97.76,104.23,15.1,63.07,24.21,8.11,2.96,4.66
2023-09-12 04:00:00+00:00,267.48,23.58,96.79,5.91,159.78,34.0,77.36,44.2,97.69,103.47,15.41,63.02,24.32,8.08,2.89,4.76
2023-09-13 04:00:00+00:00,271.3,23.25,96.83,5.87,162.19,33.95,77.64,44.21,95.23,104.35,15.03,60.17,24.29,7.75,2.88,4.44
2023-09-14 04:00:00+00:00,276.04,24.11,96.47,6.01,160.7,33.81,80.06,44.43,96.66,106.67,15.55,60.29,24.54,7.77,2.73,4.59
2023-09-15 04:00:00+00:00,274.39,24.18,93.1,5.92,157.89,32.79,79.31,43.67,96.68,104.58,15.12,58.56,24.92,7.59,2.7,4.35
2023-09-18 04:00:00+00:00,265.28,23.71,94.6,5.64,162.09,33.2,79.94,40.78,97.53,103.43,14.47,58.36,24.92,7.7,2.63,4.35
2023-09-19 04:00:00+00:00,266.5,22.74,94.24,5.5,162.16,33.02,78.99,40.97,97.86,101.78,14.67,59.02,24.36,7.48,2.57,4.1
2023-09-20 04:00:00+00:00,262.59,22.4,92.84,5.45,159.83,32.52,78.69,39.54,97.57,100.83,14.4,58.22,23.95,7.24,2.59,4.1
2023-09-21 04:00:00+00:00,255.7,21.53,90.93,5.17,158.48,31.74,76.83,35.93,95.56,100.26,13.78,57.71,23.48,6.82,2.47,3.81
2023-09-22 04:00:00+00:00,244.88,20.59,93.81,5.11,158.46,31.9,76.77,38.12,94.53,99.62,13.57,58.01,23.71,6.96,2.5,3.78
2023-09-25 04:00:00+00:00,246.99,21.13,94.46,5.13,157.8,32.17,77.01,40.65,96.04,100.51,13.73,58.24,23.47,7.02,2.59,3.86
2023-09-26 04:00:00+00:00,244.12,22.26,90.15,5.31,152.34,31.49,75.22,39.04,93.7,98.69,13.35,56.47,22.32,6.79,2.55,3.6
2023-09-27 04:00:00+00:00,240.5,23.05,92.05,5.46,154.73,31.86,75.27,37.55,94.41,100.09,13.42,57.74,21.81,6.87,2.65,3.54
2023-09-28 04:00:00+00:00,246.38,23.08,94.05,5.53,156.04,32.44,76.57,37.77,96.2,102.36,13.23,58.96,21.0,6.82,2.63,3.55
2023-09-29 04:00:00+00:00,250.22,24.28,92.95,5.59,156.99,31.94,76.31,38.1,94.67,103.12,13.26,58.89,21.2,6.95,2.62,3.55
2023-10-02 04:00:00+00:00,251.6,23.66,93.37,5.54,156.05,31.89,76.76,37.98,93.67,102.23,12.19,58.18,19.68,6.95,2.61,3.41
2023-10-03 04:00:00+00:00,246.53,21.69,89.76,5.38,153.86,29.98,75.49,33.82,93.33,98.95,11.54,56.33,16.5,6.68,2.57,3.23
2023-10-04 04:00:00+00:00,261.16,23.69,89.99,5.56,156.15,30.92,75.79,34.77,93.11,99.18,11.38,56.97,15.42,6.73,2.5,3.12
2023-10-05 04:00:00+00:00,260.05,18.27,88.17,5.16,155.68,30.37,75.1,32.8,92.63,97.68,10.74,56.62,14.36,6.32,2.57,2.95
2023-10-06 04:00:00+00:00,260.53,18.92,90.93,5.13,158.78,30.92,75.99,33.15,94.01,98.82,11.13,56.6,14.42,6.43,2.52,3.12
