,FSLR,ENPH,SEDG,BEP,ARRY,ORA,PLUG,SHLS,ITRI,RUN,NXT,NEP,AY,CWEN,RNW,AMRC,NOVA,SPWR,CLNE,AMPS,STEM,FCEL,MAXN
,close,close,close,close,close,close,close,close,close,close,close,close,close,close,close,close,close,close,close,close,close,close,close
timestamp,,,,,,,,,,,,,,,,,,,,,,,
2022-01-03 05:00:00+00:00,88.58,184.45,282.45,35.85,15.91,78.55,28.79,23.84,68.92,35.47,,83.76,35.61,35.96,7.56,82.11,28.75,21.55,6.54,10.5,19.24,5.78,14.83
2022-01-04 05:00:00+00:00,87.28,178.28,273.1,35.21,14.97,78.83,28.15,22.55,68.95,34.57,,81.25,35.19,35.39,7.46,79.6,26.7,21.53,6.63,10.53,18.77,5.88,14.57
2022-01-05 05:00:00+00:00,83.51,157.2,249.81,34.05,13.92,76.82,26.27,21.32,66.95,31.42,,79.36,34.48,33.97,7.36,70.55,23.9,19.78,6.07,9.89,16.76,5.32,13.11
2022-01-06 05:00:00+00:00,83.97,151.49,248.24,33.42,13.84,76.69,25.22,21.12,65.81,31.48,,77.93,34.11,34.16,7.33,70.96,23.82,19.15,6.19,9.94,16.11,5.14,12.81
2022-01-07 05:00:00+00:00,84.68,145.13,248.91,34.12,14.12,75.99,24.96,21.87,64.78,31.72,,79.1,34.13,33.86,6.99,67.99,23.99,19.38,6.2,9.53,15.83,5.1,12.62
2022-01-10 05:00:00+00:00,84.3,147.13,255.47,33.91,14.01,75.56,24.75,21.53,64.46,31.52,,78.21,33.84,33.15,6.89,65.99,23.88,19.62,6.06,9.28,15.58,4.97,12.31
2022-01-11 05:00:00+00:00,84.45,148.51,261.09,34.47,14.41,77.07,25.1,22.78,64.53,32.73,,77.95,33.73,33.61,7.07,66.02,24.47,20.31,6.35,9.87,16.15,5.18,12.64
2022-01-12 05:00:00+00:00,84.12,149.28,261.02,33.83,14.25,76.27,24.65,22.99,64.65,33.25,,76.74,34.24,33.42,7.11,65.18,24.61,20.38,6.29,9.81,15.97,5.07,12.87
2022-01-13 05:00:00+00:00,82.78,143.49,260.43,33.55,13.47,75.86,23.91,21.86,63.41,32.76,,77.13,33.18,33.0,6.87,61.0,24.05,20.11,6.04,9.49,15.07,4.87,11.97
2022-01-14 05:00:00+00:00,83.02,142.84,253.83,32.75,13.08,76.57,23.44,20.68,63.11,31.81,,76.25,33.05,32.96,6.72,57.13,23.59,20.16,6.08,9.18,14.9,4.83,12.4
2022-01-18 05:00:00+00:00,81.5,135.92,238.8,32.64,11.93,75.78,22.83,18.83,59.77,29.04,,72.9,32.28,32.67,6.3,52.69,22.49,19.34,5.77,8.68,14.1,4.58,11.73
2022-01-19 05:00:00+00:00,81.37,134.58,232.09,33.01,11.52,78.05,20.99,17.52,59.76,27.71,,73.57,33.43,33.6,6.13,51.83,21.55,18.92,5.73,8.26,13.83,4.3,11.34
2022-01-20 05:00:00+00:00,81.49,134.69,231.32,32.94,11.43,75.34,21.6,16.96,59.77,28.75,,73.77,32.85,33.38,6.0,51.1,22.13,19.02,5.51,7.98,13.38,4.13,11.6
2022-01-21 05:00:00+00:00,76.82,126.02,220.31,32.27,10.68,73.33,21.06,15.4,58.5,25.91,,73.09,32.26,32.89,5.65,48.68,20.29,15.795,5.14,7.78,12.51,3.9,10.71
2022-01-24 05:00:00+00:00,77.93,128.1,225.87,32.66,11.01,75.55,20.7,16.2,61.95,27.04,,72.75,32.89,33.2,5.47,50.52,21.51,16.71,5.24,7.52,12.48,3.92,11.55
2022-01-25 05:00:00+00:00,75.94,122.65,212.74,31.67,10.17,73.34,19.73,14.9,59.42,26.28,,70.78,32.41,33.06,5.35,48.96,20.4,16.28,5.51,7.32,12.09,3.87,10.81
2022-01-26 05:00:00+00:00,76.37,121.75,214.13,32.44,9.86,66.72,19.47,14.29,59.15,24.82,,72.65,32.03,33.18,5.17,48.22,18.86,15.99,5.7,7.28,11.72,3.86,10.26
2022-01-27 05:00:00+00:00,72.22,119.97,209.82,32.17,9.02,63.73,18.26,13.47,59.77,23.27,,71.65,31.87,32.58,5.45,44.15,17.74,15.12,5.67,7.08,10.92,3.56,9.5
2022-01-28 05:00:00+00:00,73.42,123.86,212.07,32.95,9.63,65.11,18.76,14.43,58.77,23.42,,71.87,31.44,32.9,6.0,46.11,18.19,15.33,5.69,7.02,11.32,3.68,9.91
2022-01-31 05:00:00+00:00,78.38,140.47,238.22,33.55,10.54,68.16,21.87,16.86,62.0,25.93,,75.22,32.63,33.68,6.36,50.61,19.66,16.78,6.07,7.21,12.28,4.24,11.03
2022-02-01 05:00:00+00:00,77.7,142.67,242.23,33.35,10.89,67.68,22.9,17.23,61.06,26.01,,75.56,32.51,33.05,6.05,50.0,20.02,16.55,6.34,7.0,12.63,4.46,10.19
2022-02-02 05:00:00+00:00,76.37,139.51,238.3,33.09,10.54,66.27,21.84,16.43,60.21,24.78,,75.97,32.51,33.14,6.26,49.28,19.03,15.76,6.03,6.57,12.42,4.19,9.59
2022-02-03 05:00:00+00:00,71.28,132.91,231.2,31.93,9.74,65.13,20.92,15.47,58.26,23.04,,72.92,31.67,32.19,6.27,47.64,17.18,15.09,5.86,6.38,11.51,4.07,8.82
2022-02-04 05:00:00+00:00,71.0,141.23,238.26,32.8,9.89,66.63,21.43,15.96,57.91,25.11,,73.8,32.0,32.2,6.22,47.03,18.67,15.86,6.0,6.89,11.38,4.28,8.85
2022-02-07 05:00:00+00:00,69.74,140.77,240.97,33.41,9.53,67.16,21.46,15.7,57.44,23.89,,73.76,31.68,32.46,6.19,48.56,17.4,15.62,6.2,6.62,11.38,4.37,8.59
2022-02-08 05:00:00+00:00,70.39,144.5,248.71,33.51,9.76,67.93,21.96,15.37,57.62,23.99,,73.51,32.06,32.61,6.43,50.5,17.98,16.1,6.34,6.74,11.56,4.52,9.0
2022-02-09 05:00:00+00:00,74.17,161.89,265.98,34.66,10.18,68.95,23.0,15.89,58.98,25.55,,75.38,33.25,33.36,6.85,54.17,19.2,17.16,6.74,7.02,12.5,4.81,9.88
2022-02-10 05:00:00+00:00,71.22,154.64,264.5,34.16,9.6,67.19,22.27,15.62,56.85,24.27,,72.46,32.51,32.7,6.8,53.73,18.47,16.77,6.63,7.36,11.67,4.82,9.89
2022-02-11 05:00:00+00:00,69.31,145.69,250.09,33.96,8.99,66.53,21.29,14.0,55.89,22.77,,71.01,31.99,32.35,6.75,52.28,17.27,16.15,6.6,7.07,10.9,4.64,9.18
2022-02-14 05:00:00+00:00,68.23,143.93,249.22,33.96,8.89,66.97,21.47,13.79,55.9,22.6,,71.83,32.13,32.56,6.98,52.46,17.14,15.83,6.45,6.92,10.53,4.62,9.03
2022-02-15 05:00:00+00:00,72.1,154.29,262.16,34.47,9.82,68.41,23.77,14.51,57.46,24.61,,72.1,32.36,32.73,7.57,56.07,18.48,17.09,6.65,7.12,11.39,5.49,9.97
2022-02-16 05:00:00+00:00,71.67,154.03,266.72,34.16,9.74,67.97,23.9,14.32,57.56,24.62,,72.66,32.41,32.87,7.49,55.78,18.15,16.83,6.64,6.92,11.4,5.5,9.66
2022-02-17 05:00:00+00:00,69.95,148.37,263.26,34.26,9.3,66.36,23.15,13.27,55.1,23.13,,72.76,32.19,32.17,7.45,54.59,17.12,16.33,6.31,6.88,10.87,5.26,9.38
2022-02-18 05:00:00+00:00,68.57,140.35,257.91,34.07,8.99,65.41,22.07,12.42,54.57,21.56,,72.41,31.72,32.98,7.66,53.59,15.87,15.69,6.14,6.75,10.66,5.01,8.84
2022-02-22 05:00:00+00:00,65.85,133.03,246.07,33.85,8.58,64.66,20.74,12.3,53.62,20.9,,71.13,30.93,31.86,7.47,52.7,15.17,14.99,5.98,6.66,9.89,4.74,8.11
2022-02-23 05:00:00+00:00,64.9,126.56,236.11,33.41,8.51,62.92,19.81,12.0,52.49,19.99,,70.88,30.99,31.72,7.24,51.89,14.96,14.84,6.01,6.61,9.81,4.68,8.07
2022-02-24 05:00:00+00:00,69.04,147.35,271.19,34.36,9.76,69.54,21.87,13.56,53.96,24.38,,73.98,32.5,31.88,8.05,58.57,18.03,16.89,6.52,7.13,11.24,5.26,9.36
2022-02-25 05:00:00+00:00,70.68,153.73,277.93,34.63,10.22,71.82,22.59,14.23,54.7,24.64,,75.53,33.32,32.92,7.82,58.42,18.26,16.81,6.95,7.4,8.81,5.28,9.85
2022-02-28 05:00:00+00:00,75.29,166.7,319.42,35.92,11.24,71.35,25.29,15.81,47.67,27.28,,78.01,33.75,33.4,7.9,64.25,20.15,17.93,7.27,7.55,9.52,6.0,10.84
2022-03-01 05:00:00+00:00,75.62,170.6,324.63,36.31,11.72,71.15,24.85,16.55,49.92,28.13,,78.12,34.01,32.61,7.6,64.23,20.55,18.0,7.43,7.53,9.33,6.1,11.64
2022-03-02 05:00:00+00:00,69.51,163.89,314.46,36.59,9.36,71.82,25.27,15.48,50.01,26.64,,78.64,35.08,34.03,7.44,64.78,19.9,17.72,7.56,7.51,8.81,6.07,10.73
2022-03-03 05:00:00+00:00,67.37,159.03,301.82,36.52,9.81,71.3,23.72,15.04,52.07,25.91,,79.98,34.29,33.77,8.09,62.38,18.97,17.06,7.32,7.64,8.47,5.69,10.36
2022-03-04 05:00:00+00:00,71.85,158.15,293.23,37.19,9.22,71.38,23.07,14.07,47.31,25.61,,80.14,35.2,33.56,8.07,63.19,18.57,16.82,7.39,7.48,8.18,5.44,10.26
2022-03-07 05:00:00+00:00,75.0,158.81,297.89,38.19,9.53,72.86,23.24,14.11,45.12,27.92,,80.0,35.36,33.99,8.29,70.02,20.98,17.4,7.44,7.85,8.31,5.92,11.02
2022-03-08 05:00:00+00:00,79.52,175.99,328.91,39.01,10.53,77.78,25.58,15.91,47.06,30.52,,79.5,35.71,35.34,8.5,76.71,24.29,20.66,8.03,8.08,8.75,6.31,13.62
2022-03-09 05:00:00+00:00,78.89,179.87,326.98,39.94,10.74,75.02,26.19,16.2,48.44,31.04,,80.22,35.12,36.11,8.56,76.86,24.64,20.87,8.2,8.12,8.97,6.32,13.89
2022-03-10 05:00:00+00:00,76.5,178.72,315.13,40.93,10.96,77.3,25.89,15.64,47.39,30.5,,79.84,35.14,36.04,7.96,77.68,24.41,20.89,8.19,8.07,8.83,6.94,13.2
2022-03-11 05:00:00+00:00,75.39,171.07,317.93,41.01,10.62,78.48,24.44,17.92,46.28,29.4,,79.42,34.47,35.8,8.15,75.41,23.15,20.5,7.86,8.47,8.18,6.71,13.04
2022-03-14 04:00:00+00:00,71.99,157.64,298.51,39.92,10.2,74.06,22.49,17.1,45.43,27.12,,78.63,34.12,36.09,8.63,68.67,22.23,18.675,7.21,8.2,7.49,5.82,11.65
2022-03-15 04:00:00+00:00,74.96,164.64,315.75,40.2,10.79,78.33,23.09,18.21,47.41,28.37,,79.91,34.4,37.1,8.01,70.39,22.69,19.15,7.17,7.97,7.96,5.87,12.1
2022-03-16 04:00:00+00:00,77.59,177.21,334.16,40.22,11.8,78.36,24.0,19.24,49.71,29.29,,80.01,34.8,36.46,8.52,73.52,23.81,20.2,7.33,8.43,8.86,6.2,12.97
2022-03-17 04:00:00+00:00,78.22,180.85,314.6,41.0,12.53,79.64,25.66,20.42,50.51,31.26,,81.05,35.04,36.71,8.49,75.94,24.74,20.54,7.95,8.85,9.81,6.4,13.12
2022-03-18 04:00:00+00:00,77.6,184.52,312.51,40.09,13.14,79.84,26.15,21.31,51.48,30.87,,81.09,34.74,36.39,8.21,76.59,24.7,20.53,8.0,8.24,10.77,6.71,13.4
2022-03-21 04:00:00+00:00,77.39,185.45,312.08,40.1,13.29,79.08,25.81,20.96,51.37,30.48,,81.83,34.87,36.5,7.95,75.8,24.73,20.43,7.74,8.4,10.73,6.54,13.63
2022-03-22 04:00:00+00:00,79.08,189.25,325.11,40.64,13.32,79.8,27.25,21.68,51.76,31.89,,82.51,34.42,36.78,8.04,75.8,25.63,21.04,7.84,8.14,11.14,6.85,14.03
2022-03-23 04:00:00+00:00,77.99,190.19,327.27,40.98,13.33,78.71,27.64,22.26,51.04,31.59,,79.85,33.86,35.75,7.82,76.91,25.56,20.95,7.71,7.97,10.9,6.57,13.87
2022-03-24 04:00:00+00:00,79.53,197.84,337.74,40.99,13.65,78.4,28.46,21.13,51.51,32.28,,81.0,34.25,36.07,7.6,83.41,25.72,21.46,7.77,7.8,11.54,6.62,13.7
2022-03-25 04:00:00+00:00,79.65,193.81,335.27,39.81,13.06,78.88,27.95,19.95,52.04,31.32,,81.34,34.27,36.01,7.68,82.97,24.76,21.01,7.92,6.93,10.89,6.22,13.02
2022-03-28 04:00:00+00:00,84.09,195.52,333.07,40.08,12.24,79.31,28.08,19.11,51.31,32.06,,82.34,34.49,36.47,7.99,83.36,24.64,21.49,7.69,6.84,10.91,6.11,14.37
2022-03-29 04:00:00+00:00,84.59,202.36,324.5,40.36,12.28,82.01,29.65,19.28,54.11,33.79,,82.26,34.64,37.04,8.32,83.41,25.93,22.02,7.88,7.57,11.58,6.24,14.9
2022-03-30 04:00:00+00:00,81.94,196.65,314.23,41.28,11.3,79.67,28.39,17.93,53.08,30.96,,84.15,34.86,36.42,7.99,81.64,23.93,20.91,7.99,7.65,11.16,5.87,14.52
2022-03-31 04:00:00+00:00,83.74,201.78,322.37,41.07,11.27,81.83,28.61,17.04,52.68,30.37,,83.36,35.07,36.51,8.22,79.5,23.06,21.48,7.94,7.43,11.01,5.76,14.48
2022-04-01 04:00:00+00:00,84.01,205.89,322.83,40.97,10.94,82.54,28.34,17.07,53.28,30.35,,83.93,34.97,36.46,8.34,80.02,23.85,21.41,7.95,7.6,11.32,5.74,14.0
2022-04-04 04:00:00+00:00,83.96,216.38,335.31,40.15,11.92,81.75,31.75,18.65,54.02,33.37,,83.56,35.38,36.69,8.33,81.13,25.46,24.04,8.33,7.59,12.15,6.26,15.02
2022-04-05 04:00:00+00:00,80.33,211.23,328.69,39.25,10.57,81.79,30.44,16.5,52.15,31.13,,81.2,34.75,36.4,8.21,79.35,24.32,23.48,8.19,7.44,11.72,5.98,13.97
2022-04-06 04:00:00+00:00,78.13,203.99,320.16,39.53,11.03,82.37,28.29,15.3,51.54,28.8,,81.31,34.97,36.08,8.06,76.63,23.4,22.47,7.77,7.45,10.8,5.66,13.39
2022-04-07 04:00:00+00:00,78.54,206.95,314.93,39.94,10.41,81.78,27.32,15.72,51.26,28.23,,82.89,35.15,36.14,8.27,75.64,23.11,22.16,7.74,7.07,10.62,5.58,12.94
2022-04-08 04:00:00+00:00,77.61,195.14,301.58,40.06,9.28,80.93,26.02,13.53,51.02,26.79,,81.46,34.33,35.09,8.25,69.28,21.91,21.25,7.47,6.71,10.24,5.39,12.49
2022-04-11 04:00:00+00:00,78.86,187.88,300.03,39.0,9.48,81.31,26.23,13.7,50.19,26.65,,79.59,34.91,35.37,8.0,60.9,22.27,21.68,7.47,6.76,9.92,5.49,12.8
2022-04-12 04:00:00+00:00,79.1,185.95,301.45,38.59,9.25,82.45,25.92,13.48,49.94,25.62,,78.48,33.79,34.3,8.12,59.41,21.39,21.39,7.43,6.81,9.81,5.41,12.98
2022-04-13 04:00:00+00:00,79.7,193.23,308.0,38.6,9.19,83.78,26.75,13.51,50.57,26.1,,77.69,33.51,33.6,8.26,59.07,20.86,21.36,7.5,6.88,10.12,5.51,13.66
2022-04-14 04:00:00+00:00,78.12,190.51,300.66,37.92,8.74,84.91,25.77,12.68,50.01,24.86,,76.61,33.06,34.24,8.2,57.08,19.37,20.4,7.22,6.77,9.46,5.26,13.29
2022-04-18 04:00:00+00:00,78.66,190.03,302.27,37.39,8.52,86.25,25.55,12.6,48.67,24.32,,75.0,32.85,33.79,8.05,56.5,18.81,20.55,7.1,6.35,9.37,5.09,13.3
2022-04-19 04:00:00+00:00,78.73,195.6,304.82,37.68,9.14,87.02,28.05,13.44,50.24,24.5,,74.43,32.91,34.08,8.09,56.48,19.25,21.16,7.14,6.42,9.8,5.28,13.79
2022-04-20 04:00:00+00:00,76.93,178.53,281.61,37.53,8.49,86.05,26.63,12.51,49.93,22.55,,74.99,33.68,35.0,7.99,56.21,18.23,20.46,7.07,6.4,9.04,4.91,14.23
2022-04-21 04:00:00+00:00,74.43,156.56,254.15,36.62,7.39,82.15,22.85,10.68,49.09,21.03,,72.54,32.74,33.4,7.51,52.85,16.41,18.47,6.6,6.18,8.15,4.54,12.87
2022-04-22 04:00:00+00:00,72.37,153.63,251.58,36.32,7.02,80.48,22.04,10.39,47.24,20.32,,69.83,31.61,31.64,7.72,51.79,15.94,17.91,6.44,6.16,7.78,4.41,11.34
2022-04-25 04:00:00+00:00,72.45,157.6,253.49,36.36,7.13,79.01,22.75,10.42,48.12,20.55,,67.81,31.02,31.62,7.66,53.69,16.55,17.66,6.5,6.19,7.93,4.52,10.85
2022-04-26 04:00:00+00:00,71.44,153.83,244.76,35.89,6.82,78.06,22.32,9.78,46.45,19.92,,67.03,30.85,32.06,7.32,50.78,16.25,17.37,6.26,5.99,7.48,4.34,11.25
2022-04-27 04:00:00+00:00,72.14,165.71,249.48,35.72,6.74,79.02,22.13,9.81,46.84,20.25,,68.02,31.07,31.73,7.41,51.73,16.51,17.15,6.16,5.97,7.56,4.21,11.29
2022-04-28 04:00:00+00:00,72.26,164.47,254.41,35.73,6.8,80.96,21.74,10.28,48.57,20.44,,67.83,31.16,31.49,7.94,51.79,17.41,17.18,6.22,6.01,7.77,4.22,11.7
2022-04-29 04:00:00+00:00,73.03,161.4,250.41,35.2,6.53,77.7,21.02,9.98,47.78,19.98,,66.66,30.9,30.53,7.98,50.44,17.27,16.51,5.86,5.76,7.17,4.08,11.58
2022-05-02 04:00:00+00:00,73.64,168.33,255.31,34.93,7.21,76.26,21.7,11.0,49.17,21.76,,64.81,30.1,30.1,7.88,51.85,17.99,16.9,5.81,5.9,7.58,4.28,11.42
2022-05-03 04:00:00+00:00,75.11,174.53,262.67,34.53,8.24,78.32,21.54,12.96,48.26,22.94,,66.96,31.13,31.38,7.94,58.32,18.52,17.69,6.04,5.81,7.77,4.35,12.17
2022-05-04 04:00:00+00:00,78.7,191.94,284.6,36.25,9.25,81.46,23.4,14.11,53.91,24.34,,69.22,32.63,32.9,8.08,62.84,19.62,19.06,6.28,6.06,8.25,4.77,13.77
2022-05-05 04:00:00+00:00,76.41,181.14,266.23,35.04,9.16,79.1,21.26,13.8,51.17,24.99,,67.25,31.34,32.15,7.59,59.88,18.97,18.08,5.94,5.82,7.64,4.32,13.21
2022-05-06 04:00:00+00:00,72.14,165.89,251.81,35.04,8.87,77.77,19.41,13.57,50.35,23.41,,67.24,31.08,31.65,7.45,56.24,18.01,16.9,5.13,5.84,8.79,3.92,11.95
2022-05-09 04:00:00+00:00,68.25,150.51,225.36,34.07,7.31,74.97,16.63,12.29,48.52,21.09,,66.33,29.52,31.55,6.81,51.85,15.77,15.32,4.23,5.03,7.37,3.5,10.89
2022-05-10 04:00:00+00:00,67.58,151.65,233.8,34.11,6.92,75.2,15.71,11.8,47.83,20.46,,64.99,30.06,31.99,6.9,52.64,15.17,15.89,4.22,4.85,6.94,3.34,10.15
2022-05-11 04:00:00+00:00,61.72,137.55,216.52,34.3,6.42,71.97,13.45,10.76,46.76,18.15,,63.61,28.89,31.16,6.56,49.19,13.25,13.725,4.16,4.56,6.32,3.025,9.3
2022-05-12 04:00:00+00:00,61.4,140.94,211.92,33.87,6.2,71.63,13.58,11.06,46.03,17.94,,61.99,29.82,31.0,6.66,49.1,13.66,13.92,4.4,4.65,6.48,3.16,9.65
2022-05-13 04:00:00+00:00,64.25,157.79,232.25,34.15,7.08,74.34,15.03,12.58,48.31,21.07,,62.95,30.62,31.33,6.795,52.48,15.68,15.21,4.86,4.95,7.76,3.52,10.28
2022-05-16 04:00:00+00:00,62.77,151.03,222.79,33.57,6.93,72.86,14.5,12.12,47.91,20.62,,64.03,31.47,31.96,6.75,50.44,15.34,15.2,4.83,5.39,7.23,3.39,10.05
2022-05-17 04:00:00+00:00,65.4,158.11,239.35,34.66,7.91,75.09,16.53,13.42,49.76,21.96,,65.68,32.74,33.08,6.73,53.4,16.24,15.9,4.96,6.21,7.84,3.73,10.87
2022-05-18 04:00:00+00:00,65.36,156.17,238.8,34.61,8.5,75.88,15.88,13.86,49.3,22.39,,65.38,32.81,33.16,6.66,52.08,16.54,15.71,4.89,6.39,7.41,3.53,11.05
2022-05-19 04:00:00+00:00,66.47,165.54,252.18,35.42,9.01,78.24,16.57,14.95,50.75,23.36,,65.0,33.14,32.77,6.8,55.43,17.39,16.68,4.99,6.72,7.69,3.72,12.25
2022-05-20 04:00:00+00:00,65.77,168.25,256.81,35.46,9.07,76.32,16.45,15.11,50.8,23.07,,65.54,33.02,32.71,6.73,55.44,17.29,16.6,4.9,6.75,7.59,3.7,12.42
2022-05-23 04:00:00+00:00,66.06,169.55,255.63,36.13,9.41,78.14,16.64,15.17,50.24,23.31,,66.64,32.71,32.78,6.9,56.11,17.64,16.58,4.87,6.86,7.78,3.73,12.03
2022-05-24 04:00:00+00:00,64.59,162.51,248.23,36.35,9.22,78.42,15.18,14.9,49.89,22.25,,68.0,32.92,32.76,6.8,55.68,17.08,15.95,4.77,6.79,6.94,3.41,10.95
2022-05-25 04:00:00+00:00,66.04,169.28,253.45,36.62,9.66,79.35,15.76,14.81,50.11,23.11,,68.98,33.12,34.49,7.01,54.46,18.77,16.46,5.01,7.26,7.39,3.63,11.52
2022-05-26 04:00:00+00:00,68.08,178.78,266.44,37.09,10.53,81.77,17.06,14.85,51.04,23.89,,69.73,33.38,35.14,7.13,57.75,18.66,17.03,5.27,7.16,7.98,3.98,12.04
2022-05-27 04:00:00+00:00,72.01,188.95,280.36,36.73,11.09,84.52,19.06,15.85,52.68,26.44,,72.22,33.18,36.15,7.15,62.54,20.46,18.19,5.56,7.26,8.86,4.22,12.9
2022-05-31 04:00:00+00:00,70.61,186.19,272.79,35.58,11.08,83.96,18.48,15.6,51.61,26.12,,71.65,32.65,35.05,7.0,58.72,20.0,17.67,5.53,6.77,8.64,4.1,11.96
2022-06-01 04:00:00+00:00,70.87,182.49,272.48,34.69,10.93,83.62,17.92,14.94,50.82,25.2,,72.15,32.15,34.66,6.91,58.26,19.66,17.62,5.48,7.3,8.0,3.88,11.79
2022-06-02 04:00:00+00:00,74.24,198.93,300.49,35.85,11.57,82.97,18.29,15.65,53.14,26.98,,75.13,33.85,35.2,7.17,63.62,21.37,18.7,5.84,7.8,8.95,4.32,12.95
2022-06-03 04:00:00+00:00,74.93,196.34,298.34,35.8,11.5,82.64,17.9,15.36,51.53,26.78,,74.67,33.5,35.06,7.09,59.4,21.38,18.38,5.65,7.18,8.81,4.1,13.11
2022-06-06 04:00:00+00:00,71.99,206.97,306.88,36.68,13.57,81.95,18.58,18.66,51.81,28.37,,75.69,34.09,36.09,7.1,59.4,22.76,18.88,5.68,7.63,9.26,4.25,13.52
2022-06-07 04:00:00+00:00,72.0,209.63,306.42,36.28,13.88,83.17,18.85,19.08,52.7,28.52,,77.16,34.39,36.94,7.1,58.78,23.21,19.36,5.98,7.46,9.37,4.25,14.21
2022-06-08 04:00:00+00:00,71.69,204.77,298.44,36.55,13.42,82.93,18.54,18.62,51.13,27.63,,77.18,34.36,37.13,7.29,55.92,22.44,19.04,5.73,7.48,9.18,4.07,14.26
2022-06-09 04:00:00+00:00,69.83,200.51,291.67,36.56,13.48,82.86,16.92,18.49,49.9,26.83,,75.59,34.07,36.13,7.25,54.65,22.31,18.86,6.25,7.68,8.79,3.8,13.59
2022-06-10 04:00:00+00:00,68.0,196.19,284.36,36.16,12.64,80.25,15.96,18.04,48.7,25.84,,74.09,33.8,35.11,7.04,52.06,21.76,18.04,5.65,7.44,8.2,3.76,13.5
2022-06-13 04:00:00+00:00,63.13,178.24,264.34,34.64,11.88,75.7,14.2,17.44,47.04,22.32,,69.87,32.21,33.17,6.7,45.87,18.98,16.71,4.82,7.14,7.07,3.3,12.1
2022-06-14 04:00:00+00:00,61.95,179.52,264.63,34.27,11.7,74.28,14.2,17.13,44.92,21.58,,68.04,31.65,32.36,6.54,45.96,18.35,16.48,4.79,6.89,6.53,3.32,10.88
2022-06-15 04:00:00+00:00,64.03,188.48,274.13,34.82,12.12,76.5,15.22,18.98,47.07,23.33,,71.37,32.5,33.2,6.27,47.88,19.56,17.39,5.06,8.08,6.83,3.43,12.31
2022-06-16 04:00:00+00:00,62.01,169.595,253.98,33.4,11.24,73.62,14.25,17.54,43.83,21.13,,67.2,30.83,31.3,5.89,44.64,17.55,16.07,4.79,7.66,6.27,3.25,11.5
2022-06-17 04:00:00+00:00,66.71,184.75,275.41,33.41,12.72,73.65,15.83,19.57,46.14,23.83,,69.44,31.3,32.1,6.37,45.12,19.76,17.93,4.83,8.59,7.3,3.46,12.33
2022-06-21 04:00:00+00:00,68.2,193.29,283.1,33.6,12.68,74.96,16.58,18.86,47.28,23.44,,69.84,31.12,32.62,6.4,45.63,19.07,17.29,5.0,8.07,7.84,3.68,12.6
2022-06-22 04:00:00+00:00,67.6,193.43,280.4,33.39,12.6,69.44,16.89,18.88,48.16,23.44,,72.37,31.3,32.66,6.05,45.34,19.23,16.65,4.84,7.64,8.06,3.77,13.18
2022-06-23 04:00:00+00:00,69.6,200.67,291.53,34.06,13.71,70.6,17.87,19.2,49.17,25.36,,74.82,31.75,33.97,6.16,47.96,21.51,17.49,5.05,7.26,8.52,3.93,14.05
2022-06-24 04:00:00+00:00,70.07,198.39,286.34,35.06,12.41,71.9,18.23,17.41,50.82,25.22,,75.73,32.3,35.16,6.4,47.24,20.2,17.36,5.05,7.02,8.4,3.9,12.94
2022-06-27 04:00:00+00:00,70.62,206.17,298.52,35.33,12.47,74.09,18.1,18.13,51.29,25.59,,76.53,32.71,35.68,6.39,47.86,21.09,18.13,5.43,7.16,7.85,3.86,13.53
2022-06-28 04:00:00+00:00,67.75,190.65,279.24,34.56,11.73,72.29,17.13,17.1,50.68,23.7,,75.06,32.49,35.1,6.06,45.47,18.68,16.97,4.91,6.67,7.58,3.7,12.91
2022-06-29 04:00:00+00:00,66.84,184.64,262.96,34.79,10.69,76.58,16.35,15.12,49.17,22.2,,73.31,32.14,34.53,6.29,43.09,17.72,15.14,4.54,6.17,7.01,3.59,11.76
2022-06-30 04:00:00+00:00,68.13,195.24,273.68,34.8,11.01,78.35,16.57,16.48,49.43,23.36,,74.16,32.26,34.84,6.47,45.56,18.43,15.81,4.48,6.31,7.16,3.75,13.29
2022-07-01 04:00:00+00:00,68.15,195.72,276.3,35.2,11.09,80.07,17.18,16.29,48.33,24.36,,76.54,33.99,35.63,6.62,45.87,18.49,15.65,4.57,6.11,7.15,3.78,12.75
2022-07-05 04:00:00+00:00,66.23,192.59,271.27,34.76,11.15,76.48,17.6,16.48,47.45,24.91,,75.77,32.91,35.09,6.76,42.62,19.02,15.89,4.61,6.26,7.57,3.84,12.48
2022-07-06 04:00:00+00:00,66.16,194.93,269.79,34.65,10.9,76.5,17.58,16.32,47.4,24.55,,75.34,33.18,35.35,6.61,41.4,19.22,15.69,4.75,6.45,7.59,3.98,12.33
2022-07-07 04:00:00+00:00,70.64,206.84,286.86,35.09,12.06,78.48,19.14,17.58,48.37,26.36,,75.67,33.59,35.53,6.72,44.53,20.69,16.79,5.18,6.86,8.45,4.23,13.27
2022-07-08 04:00:00+00:00,72.51,216.45,295.11,35.23,12.51,79.53,19.77,18.43,47.93,26.74,,75.71,33.56,35.65,6.91,47.32,21.68,17.98,5.1,7.12,8.83,4.32,14.37
2022-07-11 04:00:00+00:00,69.29,206.06,279.67,34.66,11.72,77.73,18.46,17.13,46.2,25.12,,74.94,33.2,35.17,6.89,44.39,19.94,16.39,4.96,6.7,7.93,4.03,13.34
2022-07-12 04:00:00+00:00,68.42,189.47,265.37,34.54,11.2,77.24,18.02,16.25,45.67,25.2,,74.05,32.24,34.33,6.69,44.47,20.07,16.21,4.96,6.57,7.91,3.94,12.34
2022-07-13 04:00:00+00:00,69.16,192.63,269.03,34.62,11.05,77.38,18.25,16.46,45.61,25.19,,74.29,32.19,34.38,6.75,45.57,19.96,16.34,5.03,6.64,7.79,3.95,12.09
2022-07-14 04:00:00+00:00,71.04,196.92,269.02,34.55,11.0,78.87,17.75,16.34,45.28,25.16,,73.75,32.02,34.71,6.75,43.66,19.86,16.56,5.0,6.45,7.7,3.78,12.29
2022-07-15 04:00:00+00:00,65.27,194.91,265.85,35.0,10.83,79.78,15.46,16.18,48.32,23.56,,74.4,32.32,35.0,6.96,43.72,18.86,16.0,5.03,6.45,7.74,3.49,10.745
2022-07-18 04:00:00+00:00,67.005,206.43,280.68,35.8,11.11,79.39,16.42,16.96,47.93,24.335,,73.77,32.15,33.84,6.86,44.44,19.73,16.42,5.05,6.82,8.02,3.5,10.9
2022-07-19 04:00:00+00:00,70.65,213.34,290.3,36.07,11.4,80.26,17.3,17.76,48.86,24.61,,75.63,33.13,34.0,6.92,46.07,20.08,16.64,5.47,7.02,8.47,3.51,11.09
2022-07-20 04:00:00+00:00,72.98,218.83,295.86,36.98,12.04,79.69,18.1,18.71,52.61,24.49,,72.78,32.54,34.12,6.88,47.03,20.16,17.36,5.51,6.88,9.12,3.6,11.55
2022-07-21 04:00:00+00:00,73.26,219.78,292.98,36.86,12.01,79.5,18.32,18.82,54.4,24.57,,73.55,32.17,33.5,6.63,47.3,19.64,17.01,5.47,6.59,9.21,3.54,11.41
2022-07-22 04:00:00+00:00,72.59,211.54,288.93,36.77,11.89,80.15,17.64,17.76,53.57,23.84,,77.22,32.52,34.0,6.44,45.39,19.03,16.44,5.4,6.26,8.65,3.33,10.74
2022-07-25 04:00:00+00:00,74.15,218.55,299.38,36.86,12.24,81.73,17.49,18.09,54.2,23.53,,80.72,33.31,34.36,6.42,46.5,19.1,16.6,5.5,6.64,8.41,3.34,11.48
2022-07-26 04:00:00+00:00,73.57,216.1,296.48,36.41,12.29,82.56,16.38,17.9,53.68,22.35,,79.94,33.71,34.98,6.38,45.43,18.31,15.88,5.37,6.37,8.15,3.24,10.94
2022-07-27 04:00:00+00:00,76.76,254.77,325.19,36.43,13.04,81.76,17.18,19.03,55.41,23.79,,80.0,34.0,35.8,6.38,49.36,19.48,16.78,5.63,6.8,8.73,3.39,11.36
2022-07-28 04:00:00+00:00,88.5,274.18,341.19,37.78,16.1,84.91,21.63,22.52,56.85,30.92,,82.6,35.83,37.47,6.67,54.65,24.92,19.83,6.15,7.5,10.69,3.57,14.45
2022-07-29 04:00:00+00:00,99.17,284.18,360.13,37.75,16.85,86.54,21.34,23.63,58.4,32.69,,82.74,35.66,37.54,6.79,57.22,26.02,20.37,6.48,7.84,11.33,3.59,17.25
2022-08-01 04:00:00+00:00,99.49,280.89,358.59,37.55,15.935,87.16,21.24,22.385,57.93,30.21,,81.08,35.48,37.44,6.64,57.81,24.21,19.83,6.2,7.8,11.02,3.43,17.45
2022-08-02 04:00:00+00:00,99.72,292.26,365.41,37.85,16.9,87.1,23.23,22.76,57.27,31.21,,79.75,35.41,36.85,6.65,64.0,25.42,21.7,6.59,8.23,11.71,3.7,18.98
2022-08-03 04:00:00+00:00,97.89,290.25,295.52,38.14,16.74,87.83,23.56,21.98,58.62,30.74,,80.29,34.61,37.76,6.7,63.97,25.29,22.24,6.42,8.21,11.66,3.76,17.92
2022-08-04 04:00:00+00:00,99.17,295.82,309.22,38.82,17.27,91.43,24.11,23.08,50.66,31.82,,80.15,35.08,37.88,6.86,66.91,27.06,22.76,6.32,8.58,12.33,3.93,18.28
2022-08-05 04:00:00+00:00,101.9,300.91,315.5,39.25,17.66,90.72,25.19,23.07,51.64,33.24,,81.67,34.84,37.25,6.75,65.94,27.58,24.08,7.57,8.61,14.45,4.15,18.88
2022-08-08 04:00:00+00:00,106.74,287.74,303.11,40.33,18.68,91.15,25.62,23.78,50.63,34.14,,82.85,34.68,38.07,6.95,69.73,27.58,24.04,8.1,9.19,14.84,4.47,18.65
2022-08-09 04:00:00+00:00,109.01,290.82,312.63,40.18,18.29,89.91,24.67,22.97,50.22,34.07,,82.41,34.6,37.37,6.96,67.9,27.36,24.65,7.66,8.9,14.66,4.26,19.24
2022-08-10 04:00:00+00:00,114.51,303.25,323.74,40.31,23.58,91.75,28.78,26.62,52.87,37.02,,83.81,35.39,38.04,7.01,70.65,29.46,26.53,7.9,9.32,15.01,4.89,20.39
2022-08-11 04:00:00+00:00,114.58,292.9,319.02,39.82,21.31,92.98,27.74,24.17,53.32,35.54,,83.69,35.38,38.72,7.0,69.72,28.06,25.69,8.27,8.91,14.66,4.78,19.65
2022-08-12 04:00:00+00:00,117.965,299.26,330.52,39.66,23.3,95.84,29.54,26.24,55.1,36.12,,83.57,35.57,39.3,7.19,70.02,29.38,26.62,8.17,9.04,15.58,5.11,21.92
2022-08-15 04:00:00+00:00,118.22,301.13,324.18,39.17,22.92,97.15,29.96,25.05,55.26,36.59,,85.02,35.47,40.05,7.5,70.21,29.78,26.5,7.99,10.26,16.56,5.17,22.14
2022-08-16 04:00:00+00:00,116.99,292.94,311.27,39.12,21.99,95.71,29.19,26.32,53.71,35.09,,84.07,35.33,40.17,7.15,68.72,26.34,25.87,7.69,10.49,15.76,4.92,20.8
2022-08-17 04:00:00+00:00,116.3,293.13,310.62,38.9,21.5,95.27,28.47,25.49,52.6,33.85,,83.37,35.27,40.88,6.75,67.05,25.37,25.39,7.52,11.13,15.08,4.65,20.43
2022-08-18 04:00:00+00:00,117.82,294.0,317.22,39.37,22.26,96.82,28.43,27.37,52.8,35.01,,84.98,35.48,41.61,7.13,70.91,25.51,25.81,7.86,11.85,16.13,4.64,21.85
2022-08-19 04:00:00+00:00,115.41,283.7,300.33,38.74,21.0,94.4,26.82,25.48,50.18,32.77,,84.44,35.04,39.67,7.49,65.73,25.13,24.94,7.48,11.03,14.61,4.26,17.86
2022-08-22 04:00:00+00:00,114.48,280.76,288.84,38.65,20.5,92.13,26.38,25.06,48.74,31.14,,83.91,34.64,39.0,7.43,63.64,24.16,24.61,7.41,10.98,13.9,4.01,17.63
2022-08-23 04:00:00+00:00,114.42,285.41,288.46,38.94,20.35,92.22,26.12,25.3,48.72,31.51,,83.61,34.76,38.72,7.17,63.23,24.68,24.57,7.53,10.95,13.73,3.98,19.14
2022-08-24 04:00:00+00:00,118.44,293.09,294.61,38.93,21.44,95.21,27.52,26.66,49.64,33.8,,83.45,35.07,38.75,7.45,65.38,25.83,25.44,7.7,11.06,14.78,4.42,20.47
2022-08-25 04:00:00+00:00,121.69,299.81,300.74,38.64,22.2,96.43,30.0,25.71,51.16,34.91,,84.92,35.25,39.01,7.39,68.31,26.23,25.67,7.54,11.12,15.24,4.55,20.64
2022-08-26 04:00:00+00:00,121.75,288.59,287.93,37.48,21.52,94.66,28.94,25.11,48.88,33.35,,83.29,34.23,38.21,6.95,66.91,25.19,25.06,7.12,11.12,14.63,4.2,20.54
2022-08-29 04:00:00+00:00,121.69,284.82,279.46,37.98,21.61,95.17,28.5,25.46,47.89,32.82,,83.04,34.16,37.77,6.88,67.25,25.1,24.69,7.13,10.69,14.63,4.27,20.73
2022-08-30 04:00:00+00:00,122.31,285.77,275.5,37.18,21.36,94.2,28.19,25.58,46.87,32.38,,82.15,33.38,37.45,6.48,67.11,24.99,24.13,6.62,10.52,14.7,4.19,19.08
2022-08-31 04:00:00+00:00,127.55,286.44,275.97,37.21,20.9,93.48,28.04,26.37,47.58,33.03,,82.09,33.42,37.1,6.78,68.85,25.22,24.0,6.72,10.48,15.72,4.19,19.85
2022-09-01 04:00:00+00:00,127.84,281.86,269.32,37.11,21.46,93.76,26.94,25.63,47.75,32.11,,81.48,32.54,37.13,7.0,66.08,24.33,23.1,6.17,10.43,14.4,3.97,18.89
2022-09-02 04:00:00+00:00,126.41,279.07,267.12,37.06,20.27,92.32,25.87,24.99,47.61,31.41,,81.33,32.53,37.52,6.67,64.48,23.8,22.84,6.23,10.52,14.17,3.94,18.77
2022-09-06 04:00:00+00:00,127.6,292.82,278.38,37.2,20.77,91.98,25.85,25.8,46.65,33.1,,81.18,31.99,37.87,6.63,66.74,25.26,23.96,6.21,10.24,14.11,3.85,19.4
2022-09-07 04:00:00+00:00,134.8,316.31,311.365,37.28,22.03,97.11,27.47,27.76,49.63,36.58,,83.95,32.96,39.43,7.03,72.16,27.64,27.37,6.22,10.7,15.63,3.99,21.22
2022-09-08 04:00:00+00:00,137.53,317.41,314.16,37.72,21.32,96.63,29.12,27.6,49.51,38.16,,84.07,32.91,38.9,6.99,74.5,27.9,27.79,6.51,10.98,16.16,3.81,22.55
2022-09-09 04:00:00+00:00,135.82,305.7,313.0,37.76,20.88,96.51,29.92,26.56,50.74,38.45,,84.71,33.36,39.19,7.13,74.74,28.13,28.13,6.82,11.5,16.4,4.24,22.69
2022-09-12 04:00:00+00:00,136.79,308.93,316.2,37.85,20.53,96.67,30.03,26.15,50.7,38.65,,84.85,33.65,39.29,7.21,73.07,28.19,27.59,6.76,11.68,16.56,4.36,23.0
2022-09-13 04:00:00+00:00,136.76,305.5,313.18,37.72,19.92,95.11,28.91,25.14,49.86,37.35,,84.06,33.17,38.8,6.98,72.33,27.81,26.9,6.29,11.58,16.35,4.12,22.99
2022-09-14 04:00:00+00:00,135.76,320.62,322.7,38.44,19.89,96.52,29.59,25.41,49.81,38.39,,84.0,33.53,38.91,7.17,76.34,29.05,27.6,6.26,12.64,17.42,4.35,24.06
2022-09-15 04:00:00+00:00,132.02,312.18,313.25,38.45,18.01,95.03,29.3,24.78,49.0,37.36,,82.38,32.67,37.84,6.95,73.7,27.68,26.51,6.2,12.4,16.98,4.25,24.72
2022-09-16 04:00:00+00:00,135.81,318.01,310.51,38.35,17.82,95.44,28.25,24.39,48.55,37.1,,82.3,32.45,38.47,6.99,73.17,27.36,26.65,6.29,12.14,16.44,4.02,25.6
2022-09-19 04:00:00+00:00,137.04,316.23,307.95,38.15,18.48,96.86,27.71,23.9,48.3,37.05,,83.05,32.36,37.93,6.96,72.13,27.7,27.59,6.37,12.32,16.74,4.03,26.15
2022-09-20 04:00:00+00:00,133.31,304.71,294.36,37.6,18.17,95.51,26.0,22.95,46.85,34.42,,82.25,30.17,36.9,6.81,68.48,26.43,26.47,6.07,11.72,16.05,3.9,24.36
2022-09-21 04:00:00+00:00,135.57,304.56,287.96,37.27,18.15,95.96,25.52,23.06,46.49,34.35,,81.32,30.6,36.22,6.9,69.15,26.49,26.48,5.94,12.21,16.07,3.93,24.34
2022-09-22 04:00:00+00:00,131.77,283.63,270.94,35.3,17.08,92.33,23.94,21.19,45.25,32.5,,79.84,30.27,35.74,6.6,66.48,25.4,25.18,5.74,12.3,14.94,3.72,22.79
2022-09-23 04:00:00+00:00,129.85,279.49,258.8,34.51,16.72,90.78,22.63,20.26,43.93,30.87,,77.87,29.15,34.62,6.31,65.02,24.73,24.69,5.33,11.83,13.94,3.58,22.69
2022-09-26 04:00:00+00:00,128.21,274.92,247.65,32.95,16.1,90.29,21.69,19.4,43.63,29.64,,75.7,28.0,33.67,6.13,68.22,23.37,24.1,5.05,11.87,12.83,3.53,21.66
2022-09-27 04:00:00+00:00,132.31,284.81,249.58,32.2,16.83,89.45,21.85,20.06,43.68,30.24,,74.18,27.15,33.0,6.31,66.24,24.1,24.56,5.38,13.9,12.89,3.5,24.4
2022-09-28 04:00:00+00:00,136.19,292.31,256.79,31.99,17.56,89.08,22.5,21.38,44.58,31.07,,75.5,27.51,33.4,6.47,69.89,23.87,24.66,5.68,14.23,13.22,3.56,24.2
2022-09-29 04:00:00+00:00,130.93,277.84,235.56,30.94,16.43,86.35,21.04,21.15,43.39,27.52,,73.42,26.31,32.19,5.99,63.81,22.02,22.54,5.39,10.86,12.95,3.39,23.41
2022-09-30 04:00:00+00:00,132.27,277.47,231.46,31.3,16.58,86.2,21.01,21.55,42.11,27.59,,72.31,26.3,31.85,6.02,66.48,22.08,23.04,5.34,11.01,13.34,3.41,23.77
2022-10-03 04:00:00+00:00,136.62,286.61,236.84,32.04,17.72,88.35,21.82,22.97,44.01,28.48,,75.56,27.42,33.64,5.95,69.31,22.93,23.48,5.87,11.27,13.52,3.5,24.76
2022-10-04 04:00:00+00:00,143.06,288.25,246.17,32.31,18.47,90.19,23.39,24.0,46.28,30.47,,77.61,28.32,34.72,6.44,71.81,23.63,24.56,6.02,11.79,14.1,3.75,25.63
2022-10-05 04:00:00+00:00,134.59,261.6,234.24,31.84,17.47,87.86,21.97,23.28,45.74,28.05,,75.75,27.5,33.35,6.31,69.23,22.45,23.12,5.93,11.61,13.93,3.46,24.66
2022-10-06 04:00:00+00:00,132.06,257.45,220.27,30.98,16.68,85.96,21.09,22.4,44.58,27.21,,74.26,26.61,32.51,6.03,65.8,21.79,22.26,5.74,10.97,13.51,3.27,22.28
2022-10-07 04:00:00+00:00,129.42,255.15,209.62,30.41,16.5,83.9,19.9,21.93,42.7,25.51,,72.1,25.82,31.47,6.05,61.71,20.98,21.95,5.33,10.39,13.14,3.11,21.32
2022-10-10 04:00:00+00:00,131.06,258.18,207.84,29.1,16.69,84.3,19.85,21.85,42.72,24.91,,71.02,25.64,31.43,5.99,62.35,20.7,21.47,5.17,10.44,13.16,3.11,20.67
2022-10-11 04:00:00+00:00,131.32,255.8,203.59,29.07,17.0,84.8,19.79,22.15,43.51,24.54,,71.96,25.9,31.91,5.99,62.5,20.64,20.31,5.05,10.39,13.02,3.14,20.72
2022-10-12 04:00:00+00:00,126.88,248.13,200.6,28.19,16.25,82.4,18.93,20.74,41.79,23.28,,69.33,25.02,30.98,5.95,62.24,18.24,18.6,4.89,9.86,12.48,2.94,18.99
2022-10-13 04:00:00+00:00,126.54,248.7,200.07,28.37,16.45,84.76,19.23,21.04,43.13,22.96,,68.78,25.38,31.79,5.97,63.3,18.16,17.96,5.17,10.48,12.79,3.02,18.89
2022-10-14 04:00:00+00:00,123.36,237.87,193.39,27.9,15.5,82.87,18.03,19.99,42.84,21.21,,67.94,25.07,31.26,5.46,61.46,16.78,16.73,4.87,10.62,12.22,2.9,18.06
2022-10-17 04:00:00+00:00,118.28,242.29,197.29,28.62,14.94,85.76,18.62,20.58,44.06,21.57,,71.19,26.28,32.4,5.72,64.74,17.14,16.79,5.6,10.55,12.79,3.09,16.98
2022-10-18 04:00:00+00:00,121.31,251.42,207.42,29.4,15.36,87.11,19.11,21.19,44.52,22.08,,72.75,26.61,32.99,5.6,62.74,17.64,16.82,6.13,11.09,12.49,3.1,18.05
2022-10-19 04:00:00+00:00,120.21,243.19,199.46,29.23,14.61,86.17,16.95,20.2,43.82,20.4,,70.85,25.78,32.42,5.52,60.52,15.9,15.89,6.38,10.55,12.02,2.93,17.89
2022-10-20 04:00:00+00:00,118.72,244.29,197.84,28.27,14.7,83.69,16.33,20.09,42.0,19.66,,68.89,25.4,31.69,5.19,55.27,15.44,15.64,6.36,9.1,11.65,2.9,16.98
2022-10-21 04:00:00+00:00,122.6,252.0,202.66,27.99,15.14,85.32,16.49,20.5,44.14,20.03,,69.33,25.51,31.94,5.28,55.99,15.76,15.76,6.63,9.08,11.59,3.04,16.98
2022-10-24 04:00:00+00:00,124.57,253.3,203.74,27.87,15.13,85.93,15.73,21.03,44.74,19.46,,71.29,25.82,32.4,5.28,57.16,15.67,15.78,6.45,9.18,11.59,2.95,14.75
2022-10-25 04:00:00+00:00,127.145,265.59,215.61,29.04,16.03,88.29,16.57,22.6,47.56,21.14,,73.86,26.83,33.32,5.48,61.73,17.03,17.15,6.87,9.7,13.08,3.12,16.94
2022-10-26 04:00:00+00:00,131.4,291.87,225.68,28.96,16.35,88.77,16.42,22.76,47.32,21.71,,73.09,26.98,33.59,5.43,61.01,16.96,17.39,7.12,9.65,13.66,3.21,17.41
2022-10-27 04:00:00+00:00,131.18,306.08,228.83,28.83,17.02,89.65,16.07,22.99,48.92,22.08,,74.27,27.46,34.26,5.35,60.06,18.67,17.73,6.78,9.71,13.49,3.14,18.16
2022-10-28 04:00:00+00:00,132.67,305.25,231.72,29.11,17.49,91.26,16.09,22.21,49.37,21.9,,74.75,27.81,34.97,5.42,59.15,17.66,17.89,6.59,9.65,13.38,3.06,16.65
2022-10-31 04:00:00+00:00,145.57,307.0,230.03,29.18,18.1,90.45,15.98,23.11,48.89,22.51,,74.07,27.71,34.74,5.81,60.48,18.54,18.49,6.71,9.96,13.6,3.12,17.28
2022-11-01 04:00:00+00:00,148.57,299.48,225.25,29.28,18.43,90.31,15.69,22.88,48.79,22.565,,75.42,28.0,35.04,5.9,60.08,18.7,18.25,6.7,9.26,13.6,3.1,17.28
2022-11-02 04:00:00+00:00,150.07,289.5,217.58,29.2,16.97,88.38,14.72,21.58,46.5,21.66,,74.8,27.82,34.91,5.87,52.0,17.74,17.22,6.41,8.94,11.72,2.96,16.0
2022-11-03 04:00:00+00:00,157.73,296.11,224.95,29.14,17.43,96.82,14.61,21.63,43.15,25.71,,75.56,27.94,35.31,5.93,52.1,19.45,18.21,6.43,8.76,11.91,3.04,16.4
2022-11-04 04:00:00+00:00,153.62,282.44,219.0,29.84,16.87,98.81,14.79,20.21,46.75,24.04,,76.02,28.42,35.74,6.0,52.94,18.6,17.53,6.74,7.9,11.89,3.11,16.62
2022-11-07 05:00:00+00:00,147.25,268.83,211.3,29.84,15.94,100.93,14.98,19.43,50.11,23.14,,75.35,28.1,35.04,6.05,53.0,18.0,16.86,6.82,7.68,11.32,3.14,15.94
2022-11-08 05:00:00+00:00,147.265,280.07,251.73,30.36,16.98,100.09,14.81,19.68,50.36,24.16,,76.28,28.4,35.24,6.24,55.72,19.14,18.69,6.87,8.02,11.59,3.17,17.26
2022-11-09 05:00:00+00:00,151.16,284.75,249.22,30.2,19.27,97.5,14.61,20.95,50.43,24.16,,76.43,27.82,35.07,6.17,55.04,19.24,19.15,6.97,8.06,11.68,2.95,17.53
2022-11-10 05:00:00+00:00,157.02,309.25,283.67,31.09,20.35,100.1,17.01,23.11,53.94,30.79,,78.49,28.61,36.04,6.59,61.94,23.03,22.9,7.37,8.68,13.41,3.51,19.51
2022-11-11 05:00:00+00:00,150.42,292.01,288.91,30.34,20.57,100.01,17.89,22.8,55.17,30.49,,77.96,27.63,34.96,6.47,61.16,22.2,22.34,7.73,8.54,13.43,3.64,21.01
2022-11-14 05:00:00+00:00,153.63,297.94,284.01,29.74,19.29,99.63,17.3,22.47,52.82,29.67,,77.48,27.27,35.1,6.4,59.85,22.03,22.03,7.27,7.12,13.73,3.6,20.98
2022-11-15 05:00:00+00:00,159.63,300.73,287.97,30.02,21.03,98.99,17.56,27.4,54.4,31.34,,78.44,27.3,35.19,6.31,63.61,23.28,22.71,7.33,7.6,14.16,3.87,21.89
2022-11-16 05:00:00+00:00,158.58,305.18,289.76,30.12,20.66,100.21,16.71,28.47,53.79,31.33,,78.65,27.53,35.66,6.62,62.69,23.42,23.21,7.25,7.63,13.98,3.63,22.29
2022-11-17 05:00:00+00:00,164.98,312.96,299.21,29.34,20.35,90.01,16.3,31.16,52.74,31.91,,76.7,27.97,35.03,6.05,62.68,23.79,23.85,6.82,7.12,13.63,3.57,22.94
2022-11-18 05:00:00+00:00,166.6,311.94,306.39,28.84,20.4,90.76,15.84,30.54,55.04,30.39,,78.22,28.01,35.16,6.18,64.56,22.18,23.21,6.55,7.06,13.21,3.57,21.95
2022-11-21 05:00:00+00:00,165.39,308.1,301.41,28.49,20.98,90.0,15.19,30.52,52.53,30.46,,77.74,27.63,35.28,5.91,62.98,22.0,23.21,6.57,6.82,13.01,3.46,22.33
2022-11-22 05:00:00+00:00,167.66,320.44,309.18,28.63,21.62,90.13,15.18,30.39,52.96,30.96,,79.54,27.89,36.06,6.1,63.45,22.48,23.47,6.43,6.92,12.79,3.44,21.86
2022-11-23 05:00:00+00:00,169.47,315.78,306.25,29.11,22.87,90.68,15.48,30.88,52.75,31.51,,79.57,27.97,35.87,6.26,63.63,23.05,24.0,6.27,6.84,13.27,3.5,23.76
2022-11-25 05:00:00+00:00,171.43,319.42,301.91,29.2,23.26,91.17,15.73,31.03,53.32,31.69,,80.0,28.32,36.02,6.21,64.89,23.43,24.13,6.35,6.84,13.69,3.48,24.05
2022-11-28 05:00:00+00:00,165.62,312.21,295.45,28.91,21.61,88.61,14.92,29.05,51.05,31.32,,78.68,27.88,35.55,5.89,61.66,22.61,23.63,6.15,6.66,12.97,3.26,22.46
2022-11-29 05:00:00+00:00,161.81,303.39,290.85,28.1,20.95,88.35,14.9,27.94,51.0,30.74,,78.85,27.35,35.37,5.92,62.01,21.36,23.2,6.31,6.59,12.47,3.2,22.02
2022-11-30 05:00:00+00:00,172.53,320.59,298.86,28.29,20.94,90.43,15.96,28.97,53.18,32.58,,80.49,27.9,35.44,6.07,65.52,22.83,24.25,6.76,7.15,13.07,3.46,23.02
2022-12-01 05:00:00+00:00,168.54,314.0,295.77,28.7,20.46,89.67,15.75,23.3,54.27,31.16,,79.68,27.64,35.0,5.85,65.39,21.97,23.63,6.41,6.76,11.79,3.53,21.55
2022-12-02 05:00:00+00:00,168.32,336.0,308.77,29.01,22.22,91.0,15.81,24.79,54.48,32.15,,79.98,27.48,34.88,6.03,67.64,22.59,24.49,6.5,7.05,11.69,3.66,22.68
2022-12-05 05:00:00+00:00,167.14,335.82,314.06,29.09,21.85,91.37,14.96,25.27,53.87,31.07,,78.92,27.2,34.16,5.81,66.88,22.04,23.72,6.09,6.85,11.1,3.45,21.84
2022-12-06 05:00:00+00:00,157.47,309.73,298.98,27.55,20.4,89.87,13.82,24.0,52.35,29.36,,78.17,26.4,33.69,5.71,61.91,21.29,22.62,5.89,6.56,9.78,3.13,20.56
2022-12-07 05:00:00+00:00,154.74,317.05,310.79,27.52,20.19,89.49,13.68,23.24,51.77,28.7,,79.11,26.72,33.72,5.55,62.68,21.0,22.21,5.83,6.77,10.22,3.13,20.09
2022-12-08 05:00:00+00:00,152.71,319.87,315.51,27.33,21.04,88.45,13.78,24.67,53.0,29.04,,75.81,26.76,33.1,5.62,63.0,20.4,22.24,5.69,6.38,10.51,3.24,20.52
2022-12-09 05:00:00+00:00,150.96,319.55,314.8,27.0,20.49,88.09,13.36,23.81,52.55,28.65,,74.52,26.9,32.98,5.65,61.06,20.2,22.0,5.5,6.35,10.55,3.23,20.0
2022-12-12 05:00:00+00:00,150.28,320.86,314.91,27.28,20.61,89.85,13.93,24.05,52.95,29.74,,76.05,27.47,33.29,5.91,59.7,21.0,22.42,5.72,6.23,10.74,3.47,20.84
2022-12-13 05:00:00+00:00,157.08,325.99,327.64,28.14,21.75,90.34,14.11,25.59,54.29,31.51,,76.8,27.48,33.88,5.78,63.64,22.51,23.06,5.79,6.77,11.31,3.65,21.61
2022-12-14 05:00:00+00:00,160.09,332.8,335.61,28.2,23.55,90.12,15.21,27.14,53.53,32.73,,75.99,27.39,33.81,5.99,64.03,23.09,23.53,6.0,6.76,11.63,3.72,22.98
2022-12-15 05:00:00+00:00,159.41,314.06,327.31,27.05,21.96,87.93,14.42,26.86,51.4,31.33,,74.46,26.88,32.87,5.69,61.82,22.68,21.8,5.77,6.86,11.22,3.71,21.81
2022-12-16 05:00:00+00:00,155.08,303.39,320.53,26.64,21.77,85.29,14.02,26.72,49.75,29.16,,72.5,26.42,32.51,5.61,60.34,21.45,21.15,5.83,6.58,10.99,3.51,21.08
2022-12-19 05:00:00+00:00,156.77,305.01,309.58,26.11,20.45,85.93,12.91,24.72,49.55,27.22,,71.81,25.95,32.01,5.28,56.7,20.22,20.37,5.68,6.53,9.93,3.26,20.45
2022-12-20 05:00:00+00:00,156.59,302.07,309.9,26.13,20.73,86.65,12.72,25.2,51.0,26.2,,71.85,26.21,32.34,5.29,56.31,19.37,19.91,5.53,6.46,10.06,2.65,19.56
2022-12-21 05:00:00+00:00,162.06,317.1,323.16,26.16,21.53,88.56,13.08,25.82,52.13,27.22,,73.26,26.57,32.59,5.4,59.63,19.73,20.11,5.63,6.76,10.13,2.7,19.83
2022-12-22 05:00:00+00:00,156.89,298.87,311.46,25.74,20.99,86.94,12.55,25.92,51.54,25.77,,71.79,26.26,31.98,5.43,55.13,18.4,18.94,5.32,6.66,9.55,2.6,18.58
2022-12-23 05:00:00+00:00,156.75,293.95,310.15,25.52,20.49,87.57,12.34,24.98,49.59,25.53,,72.0,26.45,31.98,5.75,56.33,18.41,18.66,5.36,6.37,9.31,2.67,18.25
2022-12-27 05:00:00+00:00,150.22,274.54,293.04,24.97,18.97,87.17,11.72,23.76,50.29,23.74,,71.69,26.37,32.04,5.7,56.53,17.67,17.98,5.09,6.23,8.63,2.57,16.91
2022-12-28 05:00:00+00:00,146.17,267.38,275.84,24.82,18.51,86.38,11.71,23.36,49.27,23.43,,71.04,26.1,31.58,5.5,55.24,17.22,17.79,5.1,6.3,8.34,2.55,15.33
2022-12-29 05:00:00+00:00,148.78,265.49,280.66,25.47,19.03,87.65,12.23,24.46,51.23,23.93,,70.82,26.25,31.94,5.55,57.66,17.85,18.18,5.27,6.38,8.82,2.76,15.37
2022-12-30 05:00:00+00:00,149.79,264.96,283.27,25.34,19.33,86.48,12.37,24.67,50.65,24.02,,70.09,25.9,31.87,5.5,57.14,18.01,18.03,5.2,6.52,8.94,2.78,16.06
2023-01-03 05:00:00+00:00,145.94,253.31,285.43,25.93,19.05,85.04,12.18,23.94,51.74,23.39,,70.8,26.32,32.03,5.08,55.62,17.56,17.17,5.09,6.2,8.45,2.66,15.26
2023-01-04 05:00:00+00:00,146.78,251.64,290.56,26.53,19.49,84.91,13.0,24.76,52.66,24.21,,71.78,25.95,32.03,5.16,57.62,18.21,17.71,5.2,7.21,8.54,2.72,17.64
2023-01-05 05:00:00+00:00,145.46,240.37,276.75,25.82,18.28,83.78,12.66,23.65,51.8,22.23,,70.89,25.27,31.76,5.19,52.95,17.1,16.74,5.11,6.98,7.79,2.63,17.72
2023-01-06 05:00:00+00:00,156.8,233.65,281.81,26.21,18.74,85.02,13.41,23.32,53.29,22.69,,71.89,25.48,32.42,5.46,55.27,17.66,17.13,5.39,6.96,7.56,2.83,17.76
2023-01-09 05:00:00+00:00,159.17,227.94,284.14,27.09,19.44,84.4,14.22,23.27,53.65,22.97,,72.93,25.97,32.65,5.46,56.56,17.42,16.82,5.38,7.23,8.14,2.95,17.78
2023-01-10 05:00:00+00:00,171.01,229.83,285.48,27.0,20.6,86.47,14.95,23.85,55.57,23.62,,73.84,26.23,33.64,5.44,57.44,18.01,17.43,5.53,7.87,8.95,3.03,19.34
2023-01-11 05:00:00+00:00,172.41,238.82,302.15,27.57,22.53,88.69,16.21,25.62,56.03,26.04,,75.14,26.9,34.13,5.65,59.03,19.58,18.71,5.71,8.1,9.08,3.11,21.1
2023-01-12 05:00:00+00:00,178.85,241.72,309.46,27.86,23.03,90.27,16.79,27.34,57.69,27.09,,76.07,26.75,34.53,5.79,60.07,20.45,18.78,5.85,8.33,9.14,3.17,22.33
2023-01-13 05:00:00+00:00,180.19,245.83,315.02,28.48,23.47,90.21,16.49,28.32,58.37,27.8,,76.05,26.5,34.32,5.93,59.7,21.25,18.66,5.81,8.41,9.85,3.24,22.39
2023-01-17 05:00:00+00:00,177.6,251.06,320.17,29.1,23.61,90.9,16.83,28.04,57.82,28.3,,76.2,28.13,34.42,6.3,60.9,21.76,18.75,5.88,8.23,10.37,3.49,22.64
2023-01-18 05:00:00+00:00,177.57,250.31,319.7,29.02,22.83,90.63,16.7,28.26,56.7,28.4,,75.69,27.92,34.2,6.1,61.2,21.82,18.49,5.58,8.14,10.28,3.35,22.23
2023-01-19 05:00:00+00:00,165.01,222.97,286.72,28.71,21.82,88.29,15.31,26.66,55.71,25.45,,74.04,26.97,33.63,6.05,59.52,19.06,16.56,5.41,7.9,9.89,3.13,21.84
2023-01-20 05:00:00+00:00,167.87,222.54,294.73,28.8,22.23,89.01,15.9,27.36,56.8,25.96,,74.25,26.96,33.26,6.1,61.75,19.44,16.33,5.5,8.2,10.22,3.37,21.97
2023-01-23 05:00:00+00:00,176.21,228.44,309.18,29.39,23.25,90.82,17.44,29.23,57.29,26.83,,74.22,27.09,33.13,6.28,64.26,20.52,16.41,5.78,8.34,10.75,3.7,23.06
2023-01-24 05:00:00+00:00,171.485,219.47,308.37,29.6,24.04,92.21,16.74,29.09,56.48,26.09,,75.25,27.23,33.49,6.09,64.14,20.15,16.22,5.73,8.15,9.94,3.62,22.49
2023-01-25 05:00:00+00:00,168.26,210.32,300.52,29.26,22.75,91.97,16.34,28.36,55.58,24.26,,71.74,26.91,33.15,6.14,63.07,18.64,16.07,5.77,8.05,9.8,3.68,22.23
2023-01-26 05:00:00+00:00,175.43,208.02,303.38,29.29,21.52,91.6,15.37,26.72,55.27,24.17,,73.39,27.4,33.51,6.18,62.92,18.11,16.09,5.67,7.67,9.57,3.43,21.82
2023-01-27 05:00:00+00:00,179.35,210.09,306.44,29.31,22.62,91.49,15.86,27.7,56.44,25.46,,72.89,27.21,33.66,6.09,64.58,19.21,16.97,5.66,7.9,9.86,3.6,22.18
2023-01-30 05:00:00+00:00,170.78,212.22,301.87,29.27,21.25,89.85,15.71,26.43,55.55,24.92,,71.9,26.83,33.15,5.95,62.61,18.75,16.73,5.45,7.69,9.43,3.48,20.63
2023-01-31 05:00:00+00:00,177.6,221.38,319.13,29.15,22.23,92.55,17.02,27.89,57.47,26.28,,73.3,27.42,33.79,6.0,64.47,19.48,17.43,5.66,8.02,9.86,3.66,21.96
2023-02-01 05:00:00+00:00,180.15,227.14,327.69,28.68,22.49,93.6,17.68,28.07,58.76,27.35,,72.45,27.22,33.81,5.93,64.31,20.08,17.9,5.72,7.89,10.42,3.86,21.94
2023-02-02 05:00:00+00:00,168.67,227.7,327.61,28.57,20.22,93.18,17.89,26.36,59.87,28.39,,74.22,27.46,34.44,5.85,62.09,20.82,18.16,5.95,8.23,10.57,4.25,22.39
2023-02-03 05:00:00+00:00,168.19,222.93,316.0,28.01,19.78,92.11,17.38,25.96,59.27,26.96,,71.99,26.99,33.63,5.76,60.16,19.35,17.51,5.84,7.86,10.22,4.09,21.2
2023-02-06 05:00:00+00:00,167.47,222.99,319.55,27.75,20.8,92.73,16.48,26.46,58.08,26.49,,72.89,26.87,32.91,5.59,56.43,19.07,17.27,5.72,7.67,10.07,3.93,21.54
2023-02-07 05:00:00+00:00,165.89,228.46,319.41,27.44,20.7,93.02,16.14,26.56,58.5,26.02,,72.92,26.93,33.17,5.7,56.71,18.88,17.11,5.84,7.49,10.14,3.85,20.88
2023-02-08 05:00:00+00:00,165.58,218.87,323.61,27.6,20.81,91.52,15.9,25.77,57.03,24.84,,72.36,26.76,32.78,5.75,54.77,18.24,16.26,5.71,7.38,9.89,3.71,20.37
2023-02-09 05:00:00+00:00,163.94,209.6,295.87,27.63,20.37,90.86,15.36,24.5,56.7,23.03,30.46,71.43,26.19,32.13,5.73,54.33,17.25,15.55,5.49,7.18,9.59,3.5,19.05
2023-02-10 05:00:00+00:00,163.38,212.07,300.71,27.21,19.89,92.38,15.36,24.78,56.98,22.96,31.01,72.35,26.2,32.54,5.64,53.97,17.01,15.33,5.67,7.4,9.19,3.43,19.04
2023-02-13 05:00:00+00:00,167.26,212.57,310.71,27.33,21.13,92.66,15.47,25.81,57.66,23.44,31.42,72.7,26.37,33.21,5.74,55.07,17.59,15.73,5.75,7.4,9.09,3.46,19.39
2023-02-14 05:00:00+00:00,165.04,208.35,315.43,27.72,20.8,91.67,15.81,26.31,57.49,23.81,30.8,72.64,26.06,33.08,5.69,55.25,17.53,15.85,5.77,7.46,9.5,3.49,18.38
2023-02-15 05:00:00+00:00,172.36,217.87,343.98,27.84,22.23,92.95,16.77,28.07,58.56,25.36,32.68,73.05,26.43,33.41,5.74,59.94,18.49,16.88,5.97,7.73,10.25,3.84,18.81
2023-02-16 05:00:00+00:00,165.01,202.8,314.94,27.68,20.76,92.27,15.84,26.085,57.92,24.55,31.51,72.14,25.92,32.9,5.83,56.08,17.79,16.25,5.84,7.18,9.74,3.65,18.11
2023-02-17 05:00:00+00:00,164.28,204.99,305.04,27.86,20.32,92.45,15.58,25.77,57.24,25.21,31.64,71.49,25.91,32.77,5.61,55.2,18.03,16.29,5.69,7.24,8.3,3.57,17.01
2023-02-21 05:00:00+00:00,160.99,201.65,294.51,27.04,19.68,89.08,14.43,24.26,55.33,23.9,30.95,69.93,27.54,32.27,5.41,51.89,16.94,15.45,5.55,7.06,8.15,3.34,16.21
2023-02-22 05:00:00+00:00,163.61,203.57,295.71,27.22,19.69,89.03,14.54,24.12,55.22,24.08,31.26,69.03,27.09,32.04,5.26,51.48,16.89,15.33,5.54,6.97,8.14,3.37,16.0
2023-02-23 05:00:00+00:00,165.58,204.71,301.86,26.96,19.93,82.44,14.65,24.32,55.59,23.56,31.99,67.72,27.29,31.15,4.93,52.33,17.53,15.0,5.67,6.88,8.27,3.39,16.43
2023-02-24 05:00:00+00:00,162.16,198.96,296.18,26.68,18.97,83.52,14.18,23.61,54.63,21.93,30.21,66.61,27.16,30.97,4.56,50.24,16.59,14.45,5.61,6.75,7.82,3.21,15.76
2023-02-27 05:00:00+00:00,166.11,210.78,313.63,26.31,18.83,84.39,14.66,24.25,51.74,23.31,29.91,66.16,27.1,31.56,4.34,51.8,17.37,14.91,5.73,6.71,8.11,3.29,17.23
2023-02-28 05:00:00+00:00,169.14,210.53,317.92,26.12,18.74,84.52,14.87,24.54,55.77,24.04,30.44,66.26,27.6,31.41,4.34,43.95,17.78,15.02,5.6,6.77,8.16,3.34,17.6
2023-03-01 05:00:00+00:00,195.68,212.95,327.43,26.05,18.3,87.8,14.21,25.15,55.59,24.245,31.08,65.32,26.94,30.8,4.22,46.69,17.6,15.29,4.855,6.63,8.24,3.28,18.12
2023-03-02 05:00:00+00:00,198.22,211.56,323.42,26.79,18.86,86.44,13.33,24.47,56.78,23.68,31.89,65.68,26.81,30.99,4.29,44.24,17.3,15.09,4.58,6.64,8.2,3.28,17.9
2023-03-03 05:00:00+00:00,210.11,217.16,326.83,27.08,20.53,87.22,13.84,25.62,56.77,24.84,33.35,66.58,28.65,31.7,4.55,45.72,18.24,15.58,4.99,6.96,8.79,3.48,18.72
2023-03-06 05:00:00+00:00,212.3,225.35,332.48,27.31,21.65,88.3,13.67,26.58,55.17,25.03,32.45,67.24,28.45,31.42,4.55,46.46,19.01,15.76,4.56,7.14,8.75,3.41,19.14
2023-03-07 05:00:00+00:00,214.29,224.21,328.37,27.88,21.73,87.39,13.4,26.55,53.69,24.39,33.95,66.49,28.08,31.27,4.38,45.71,18.7,15.49,4.43,7.31,8.56,3.33,18.75
2023-03-08 05:00:00+00:00,214.33,218.31,324.93,28.1,21.47,87.14,13.78,24.27,54.18,24.25,32.72,66.27,28.87,31.19,4.58,45.7,18.18,15.47,4.57,7.17,8.35,3.3,27.0
2023-03-09 05:00:00+00:00,211.25,215.85,313.53,28.09,20.67,87.07,13.02,23.2,53.92,23.64,32.66,64.93,28.17,30.53,4.73,44.51,17.43,15.44,4.34,7.05,7.94,3.36,27.32
2023-03-10 05:00:00+00:00,207.73,210.22,304.32,27.52,19.4,86.11,12.35,21.84,52.825,20.73,31.19,62.42,27.34,29.73,4.49,46.05,16.31,14.66,4.33,6.64,7.37,3.1,27.37
2023-03-13 04:00:00+00:00,203.58,211.53,316.21,28.33,19.66,87.99,12.4,21.06,52.13,21.26,31.5,60.88,27.55,30.05,4.69,45.66,16.82,15.15,4.41,6.4,7.25,3.18,25.66
2023-03-14 04:00:00+00:00,207.29,213.01,314.27,29.16,19.67,89.49,12.16,21.2,53.86,20.35,31.85,62.64,27.8,30.95,5.12,44.54,16.15,14.57,4.45,6.11,7.2,3.13,25.79
2023-03-15 04:00:00+00:00,203.22,205.76,306.43,28.8,18.4,82.5,11.8,20.1,52.41,19.67,30.75,62.12,27.49,30.97,4.98,43.74,15.23,13.69,4.35,5.73,6.64,3.04,25.06
2023-03-16 04:00:00+00:00,206.56,201.1,285.57,29.09,17.8,83.84,11.8,19.82,52.77,19.01,29.61,62.27,27.32,30.52,4.92,44.09,14.7,13.5,4.36,5.77,6.71,3.09,24.05
2023-03-17 04:00:00+00:00,199.62,183.64,267.21,29.1,17.07,80.39,11.17,20.11,50.95,17.32,29.07,62.01,27.05,30.2,4.81,43.15,12.93,12.37,4.33,5.5,6.51,2.93,22.62
2023-03-20 04:00:00+00:00,204.68,192.51,272.31,29.2,17.23,81.66,10.84,20.65,52.21,17.03,28.55,62.52,27.21,30.31,4.43,42.75,12.69,12.69,4.29,5.56,6.36,2.87,23.39
2023-03-21 04:00:00+00:00,209.25,207.63,296.51,29.69,18.72,81.11,11.52,21.75,52.33,19.02,31.18,63.13,27.56,30.23,4.6,45.28,14.43,13.69,4.27,5.9,6.96,2.98,25.77
2023-03-22 04:00:00+00:00,205.01,202.15,289.52,29.63,19.62,79.16,11.22,20.84,51.23,17.94,31.84,61.53,27.01,29.59,4.48,43.57,13.53,12.77,4.14,5.33,6.46,2.83,25.0
2023-03-23 04:00:00+00:00,210.19,204.66,291.54,29.06,19.81,80.33,11.49,21.41,51.34,17.63,32.21,58.5,26.92,29.17,4.39,43.49,13.23,12.6,4.02,5.58,6.25,2.86,24.57
2023-03-24 04:00:00+00:00,211.1,195.99,284.52,29.18,18.47,80.98,11.23,21.34,51.32,17.94,31.2,61.05,27.42,30.17,5.36,43.5,13.17,12.41,3.93,5.61,6.37,2.79,24.83
2023-03-27 04:00:00+00:00,210.14,195.83,284.59,29.77,19.09,83.53,10.72,20.8,52.48,17.85,31.24,61.15,28.08,30.71,5.39,44.48,13.06,12.39,4.1,5.46,6.34,2.67,25.51
2023-03-28 04:00:00+00:00,210.01,193.52,277.8,30.16,19.62,83.61,10.4,21.36,52.9,17.54,32.52,60.9,27.77,30.79,5.53,45.46,12.69,12.2,4.14,5.22,6.24,2.62,24.92
2023-03-29 04:00:00+00:00,215.35,203.95,291.94,30.71,19.62,84.47,11.03,21.61,53.89,18.64,33.54,60.94,28.31,31.2,5.43,45.88,13.92,13.07,4.21,5.38,5.59,2.79,25.9
2023-03-30 04:00:00+00:00,213.32,205.27,296.03,31.21,20.18,84.69,11.25,22.32,54.22,18.85,34.75,57.95,29.04,30.93,5.65,46.76,14.39,13.25,4.36,5.66,5.5,2.78,25.69
2023-03-31 04:00:00+00:00,217.5,210.28,303.95,31.51,21.88,84.77,11.72,22.79,55.45,20.15,36.26,60.75,29.56,31.33,5.62,49.22,15.62,13.84,4.36,5.48,5.67,2.85,26.54
2023-04-03 04:00:00+00:00,208.49,202.6,298.31,30.44,21.03,85.04,11.12,22.62,55.35,19.96,33.55,60.59,28.56,30.72,5.44,47.4,15.48,13.62,4.42,5.31,5.91,2.76,27.47
2023-04-04 04:00:00+00:00,208.14,202.54,292.77,30.37,20.42,83.89,10.58,22.65,53.61,19.99,33.23,60.63,28.16,31.13,5.34,45.9,15.51,13.74,4.2,5.0,5.47,2.67,28.49
2023-04-05 04:00:00+00:00,201.61,193.67,278.9,30.45,19.9,85.16,9.68,21.94,52.67,19.01,32.25,61.83,28.13,31.92,5.5,44.37,14.87,13.16,4.31,5.07,4.89,2.47,27.96
2023-04-06 04:00:00+00:00,204.51,191.0,280.24,30.44,19.63,84.4,9.27,21.58,52.7,18.58,32.72,61.71,28.16,31.7,5.48,44.55,14.74,12.68,4.37,5.09,4.92,2.39,26.64
2023-04-10 04:00:00+00:00,212.03,195.8,283.19,30.28,20.21,85.57,9.36,21.81,53.6,19.22,34.0,60.9,27.88,31.38,5.55,44.99,15.57,13.21,4.47,4.84,5.03,2.39,28.18
2023-04-11 04:00:00+00:00,210.03,196.88,288.35,30.74,21.54,85.89,9.76,23.03,53.98,19.8,34.86,62.0,28.0,31.48,5.67,46.18,16.0,13.44,4.53,4.92,5.24,2.45,29.0
2023-04-12 04:00:00+00:00,207.89,196.03,284.96,30.79,21.55,85.57,9.39,23.08,53.51,19.36,34.69,62.04,27.82,31.57,5.64,45.5,15.61,13.07,4.49,4.85,5.02,2.31,28.97
2023-04-13 04:00:00+00:00,211.26,209.69,306.89,31.33,21.79,86.86,9.3,23.26,54.29,20.05,35.31,62.44,27.93,31.82,5.7,47.01,16.48,14.04,4.58,4.94,5.1,2.32,28.36
2023-04-14 04:00:00+00:00,208.4,208.9,300.46,30.9,21.39,86.09,9.04,22.96,53.68,19.44,34.84,60.73,27.79,31.53,5.6,45.8,15.85,14.05,4.47,4.75,4.69,2.22,28.33
2023-04-17 04:00:00+00:00,218.89,224.92,315.16,31.18,21.93,86.74,9.5,23.29,53.44,20.56,34.18,61.72,28.41,32.19,5.75,47.25,16.55,14.68,4.48,5.02,4.81,2.32,28.55
2023-04-18 04:00:00+00:00,219.48,227.87,316.39,30.89,21.46,84.69,9.02,23.26,52.58,20.29,33.69,60.66,28.1,31.72,5.56,46.55,16.14,14.27,4.34,4.53,4.66,2.17,29.09
2023-04-19 04:00:00+00:00,218.19,224.27,314.36,30.97,21.03,85.16,9.0,22.33,52.02,19.78,34.18,62.27,28.06,31.22,5.56,44.9,15.83,13.63,4.29,4.52,4.52,2.14,28.55
2023-04-20 04:00:00+00:00,215.53,224.79,318.2,30.84,20.97,85.47,8.85,22.08,51.94,20.89,34.28,62.03,28.25,31.16,5.7,43.76,18.15,13.82,4.26,4.6,4.48,2.07,30.75
2023-04-21 04:00:00+00:00,216.89,223.61,319.2,31.3,21.11,87.16,9.05,21.96,52.37,21.14,34.59,63.81,27.74,31.51,5.61,43.56,18.04,14.01,4.2,4.72,4.37,2.04,31.21
2023-04-24 04:00:00+00:00,209.9,224.6,318.45,31.58,21.9,88.37,9.27,22.47,52.77,21.78,34.49,63.7,28.02,31.27,5.38,46.62,18.59,14.21,4.22,4.84,4.5,2.02,32.34
2023-04-25 04:00:00+00:00,210.53,220.6,309.21,31.23,21.03,87.15,8.91,21.58,51.18,21.33,32.69,59.72,27.27,30.04,5.18,43.54,17.84,13.89,4.1,4.65,4.23,1.86,31.34
2023-04-26 04:00:00+00:00,199.51,163.83,276.97,30.48,20.3,85.48,8.47,20.28,51.15,19.41,31.87,55.94,26.02,29.42,4.94,40.93,16.32,12.59,4.07,4.45,4.11,1.8,27.62
2023-04-27 04:00:00+00:00,200.83,164.18,289.15,30.71,20.49,86.81,8.97,20.76,52.32,21.35,32.15,56.69,26.57,29.85,5.05,41.35,18.18,13.31,4.18,4.61,4.17,1.89,27.18
2023-04-28 04:00:00+00:00,182.58,164.2,285.63,31.0,20.45,85.81,9.03,20.89,53.4,21.04,31.49,57.51,26.62,30.37,5.12,41.6,17.96,13.22,4.27,4.54,4.23,1.88,28.11
2023-05-01 04:00:00+00:00,180.85,160.59,276.0,30.89,19.77,83.82,8.83,20.29,53.34,20.51,30.87,55.89,26.35,30.34,5.13,40.78,17.23,12.94,4.2,4.43,4.13,2.04,26.92
2023-05-02 04:00:00+00:00,176.4,152.88,263.61,30.22,18.38,83.54,8.59,18.25,54.33,19.43,29.68,54.81,25.66,30.01,5.21,44.87,16.26,12.54,3.93,4.17,3.8,2.11,26.1
2023-05-03 04:00:00+00:00,174.33,155.42,263.82,29.79,18.29,83.79,8.86,18.55,54.02,20.05,30.11,54.33,25.27,29.83,5.28,42.28,16.34,12.01,4.14,4.38,3.99,2.22,26.67
2023-05-04 04:00:00+00:00,171.59,155.42,281.22,29.53,17.69,83.9,8.78,18.12,65.6,16.91,30.05,51.59,24.92,29.34,5.25,41.33,15.0,10.96,4.14,4.17,3.95,2.24,26.09
2023-05-05 04:00:00+00:00,178.6,159.65,293.39,31.47,18.37,84.99,9.29,18.96,68.5,17.65,30.9,52.85,24.85,30.33,5.47,43.03,15.75,11.29,4.29,4.38,4.45,2.46,27.39
2023-05-08 04:00:00+00:00,177.46,163.29,291.68,31.49,18.66,84.57,9.29,19.72,67.17,17.19,32.23,60.5,25.93,30.1,5.17,42.36,15.46,11.35,4.3,4.45,4.16,2.39,27.82
2023-05-09 04:00:00+00:00,178.0,157.83,286.26,31.76,19.22,85.21,8.005,24.11,66.26,16.81,33.66,61.93,26.23,30.49,5.19,42.13,15.33,11.11,4.34,4.53,4.23,2.34,27.4
2023-05-10 04:00:00+00:00,180.74,161.42,294.89,31.62,18.65,83.4,7.83,23.38,66.65,17.32,33.23,61.28,26.11,30.67,5.23,41.58,16.07,11.26,4.465,4.7,4.53,2.28,28.0
2023-05-11 04:00:00+00:00,183.19,160.79,296.06,31.57,18.94,83.55,7.65,22.89,66.51,16.74,35.43,60.87,26.4,30.71,5.23,40.72,15.99,10.93,4.38,4.63,4.51,2.21,36.36
2023-05-12 04:00:00+00:00,231.69,167.55,301.85,31.81,21.97,83.88,7.48,24.08,66.21,16.45,39.39,62.27,26.49,31.09,5.31,43.22,15.85,10.7,4.36,4.81,4.45,2.23,36.52
2023-05-15 04:00:00+00:00,221.59,168.71,307.32,32.26,23.45,84.23,7.85,24.71,66.47,16.62,40.32,61.8,26.35,31.61,5.61,43.65,16.11,10.85,4.61,5.24,4.51,2.41,32.68
2023-05-16 04:00:00+00:00,212.8,160.96,295.12,31.88,22.42,83.53,7.55,23.53,65.94,15.32,37.51,60.28,25.92,31.18,5.33,42.47,15.27,10.41,4.47,4.87,4.1,2.24,31.17
2023-05-17 04:00:00+00:00,209.76,163.73,303.07,31.69,22.68,84.37,8.04,23.57,67.63,16.23,38.925,59.55,25.82,30.78,5.53,44.3,15.86,10.79,4.52,5.07,4.29,2.36,28.71
2023-05-18 04:00:00+00:00,206.28,163.72,301.68,31.34,22.96,84.19,7.87,23.49,68.02,15.67,39.33,59.39,25.67,30.62,5.59,43.59,15.3,10.5,4.57,4.84,4.11,2.29,28.02
2023-05-19 04:00:00+00:00,203.53,162.37,295.92,31.58,23.13,83.48,7.73,23.61,67.92,14.63,39.16,57.91,25.02,29.95,5.6,43.21,14.34,9.57,4.49,4.42,3.96,2.12,30.26
2023-05-22 04:00:00+00:00,201.69,164.65,298.87,31.87,24.37,84.8,8.83,24.16,66.8,15.84,39.98,60.05,25.41,30.0,5.77,45.27,15.59,10.12,4.59,4.71,4.33,2.35,30.93
2023-05-23 04:00:00+00:00,200.89,162.83,288.95,31.56,24.11,84.46,8.81,23.84,67.28,16.64,39.18,59.98,25.68,30.07,5.68,45.73,16.23,10.27,4.44,4.88,4.62,2.24,29.65
2023-05-24 04:00:00+00:00,198.55,164.05,288.2,30.71,23.67,85.2,8.46,23.66,65.0,16.51,38.46,59.49,25.3,29.61,5.63,44.34,16.14,10.31,4.31,4.92,4.85,2.145,28.55
2023-05-25 04:00:00+00:00,200.94,164.59,296.96,30.45,23.08,83.98,8.38,23.45,65.05,16.66,38.83,58.89,25.01,29.29,5.47,42.87,16.18,10.35,4.11,4.71,4.73,2.05,27.98
2023-05-26 04:00:00+00:00,201.77,165.2,294.41,31.07,23.03,84.92,8.25,23.63,65.03,16.83,39.14,58.29,24.61,29.22,5.43,43.25,16.48,10.27,4.06,4.74,4.93,2.03,28.57
2023-05-30 04:00:00+00:00,202.4,174.12,295.79,30.74,22.74,85.93,8.84,23.8,67.87,17.95,38.9,59.49,24.37,29.27,5.5,43.73,17.68,10.91,3.98,4.76,5.33,2.17,28.26
2023-05-31 04:00:00+00:00,202.96,173.88,284.83,30.32,22.17,85.1,8.32,23.49,67.73,17.64,38.25,59.92,24.17,28.73,5.47,43.08,17.66,10.6,4.02,4.75,5.52,2.12,27.79
2023-06-01 04:00:00+00:00,208.74,181.47,294.75,30.54,22.86,84.67,8.46,24.28,66.97,18.48,40.07,61.4,24.38,29.06,5.39,44.16,18.16,10.92,4.12,4.98,5.54,2.17,29.03
2023-06-02 04:00:00+00:00,206.74,181.86,291.06,31.37,23.76,85.96,8.77,24.23,69.62,18.7,40.77,62.47,24.9,29.87,5.51,45.98,17.91,10.89,4.27,5.02,5.43,2.23,28.56
2023-06-05 04:00:00+00:00,203.67,182.73,294.1,31.83,23.17,85.95,8.42,23.82,68.94,18.49,39.6,62.01,24.72,30.08,5.25,45.27,17.94,11.07,4.14,5.16,5.57,2.16,29.23
2023-06-06 04:00:00+00:00,196.82,182.61,290.75,31.81,22.74,86.69,9.04,23.23,70.67,19.14,40.08,62.0,24.66,30.38,5.54,47.49,17.71,11.12,4.62,5.22,5.81,2.38,28.81
2023-06-07 04:00:00+00:00,191.76,182.09,290.18,31.95,22.64,87.48,9.55,24.11,73.26,19.31,40.55,62.55,24.82,30.71,5.6,49.08,17.9,11.22,4.59,5.58,5.96,2.38,28.94
2023-06-08 04:00:00+00:00,192.33,181.4,285.4,31.85,22.8,87.7,9.52,24.47,72.66,19.21,41.04,63.11,24.74,30.16,5.67,47.96,17.88,11.18,4.43,5.25,5.82,2.31,28.16
2023-06-09 04:00:00+00:00,192.0,174.58,282.33,31.96,22.44,85.3,9.17,24.01,71.6,18.75,40.29,63.04,24.62,29.55,5.6,47.14,17.49,10.93,4.37,5.55,5.57,2.33,27.32
2023-06-12 04:00:00+00:00,196.24,176.89,285.42,31.63,22.44,84.16,10.37,25.8,72.18,19.61,41.31,61.23,24.04,29.92,5.68,47.94,18.24,11.35,4.48,5.4,6.16,2.6,28.29
2023-06-13 04:00:00+00:00,195.99,179.66,283.05,29.89,22.6,84.63,10.91,25.5,73.03,20.71,42.16,62.62,24.05,29.93,5.55,51.0,18.9,11.58,4.51,5.66,6.54,2.79,28.6
2023-06-14 04:00:00+00:00,193.03,179.2,271.44,29.78,21.8,84.62,10.69,25.05,71.26,19.88,41.15,62.45,23.73,29.75,5.68,49.68,18.48,11.24,4.46,5.37,6.13,2.57,28.63
2023-06-15 04:00:00+00:00,192.88,180.51,277.46,29.68,22.09,86.44,10.82,25.69,72.43,20.08,42.58,62.67,24.03,29.99,5.86,49.21,19.52,11.22,4.44,5.52,6.31,2.7,28.56
2023-06-16 04:00:00+00:00,188.99,181.81,276.7,29.39,21.21,85.43,10.57,24.74,72.21,19.34,41.43,62.42,23.95,30.14,5.91,46.55,18.76,11.0,4.41,5.28,5.95,2.56,27.89
2023-06-20 04:00:00+00:00,186.1,171.99,255.36,29.25,21.34,84.46,9.98,24.42,72.18,18.8,39.63,61.68,23.85,29.54,5.62,45.91,18.23,10.61,4.33,5.38,5.78,2.43,26.49
2023-06-21 04:00:00+00:00,184.58,167.99,251.99,29.45,21.57,84.75,9.88,24.97,71.33,18.65,40.47,61.49,23.81,29.76,5.61,46.48,18.62,10.52,4.48,5.16,5.76,2.33,27.04
2023-06-22 04:00:00+00:00,187.08,162.53,244.57,29.35,20.77,83.96,9.68,24.34,69.55,17.96,39.66,60.63,23.5,29.02,5.55,46.62,18.39,10.42,4.52,5.2,5.53,2.22,27.07
2023-06-23 04:00:00+00:00,184.52,158.69,243.65,29.3,20.83,81.58,9.2,24.08,68.13,17.21,38.63,58.61,23.12,28.56,5.49,47.13,18.2,10.09,4.56,5.16,5.13,2.18,26.11
2023-06-26 04:00:00+00:00,178.55,159.21,247.61,29.44,21.02,80.61,9.13,25.1,67.88,17.7,38.05,59.0,23.65,28.65,5.44,44.69,18.75,9.91,4.5,5.23,5.02,2.18,25.4
2023-06-27 04:00:00+00:00,182.73,161.03,255.23,29.46,20.42,80.63,9.26,25.74,68.6,18.4,37.6,58.52,23.51,28.67,5.37,46.17,19.04,10.1,4.55,5.63,5.17,2.13,26.22
2023-06-28 04:00:00+00:00,184.22,161.42,257.96,29.0,20.83,79.84,9.44,24.84,69.27,18.44,37.13,56.56,23.13,28.23,5.24,47.43,18.86,10.15,4.9,5.47,5.32,2.12,28.28
2023-06-29 04:00:00+00:00,184.01,158.77,253.96,29.15,21.5,79.77,10.0,24.74,70.88,17.57,38.1,57.3,23.16,28.06,5.42,48.84,17.74,9.64,5.02,5.46,5.66,2.16,27.38
2023-06-30 04:00:00+00:00,190.105,167.51,269.08,29.49,22.58,80.46,10.39,25.56,72.13,17.85,39.86,58.64,23.43,28.56,5.48,48.63,18.31,9.81,4.96,5.4,5.72,2.17,28.17
2023-07-03 04:00:00+00:00,191.39,169.55,270.42,29.68,22.3,80.07,10.3,25.09,71.36,17.88,39.41,57.83,23.4,28.55,5.61,47.58,18.3,9.86,4.83,5.5,5.83,2.17,27.76
2023-07-05 04:00:00+00:00,186.95,165.34,265.19,29.6,20.69,81.44,10.64,24.31,69.95,17.99,38.09,58.82,23.47,28.6,5.71,47.2,18.46,9.68,4.8,5.64,5.84,2.19,26.68
2023-07-06 04:00:00+00:00,183.14,161.38,255.08,28.98,19.6,78.31,9.95,22.76,69.41,16.51,37.12,56.89,22.9,27.6,5.43,46.4,16.93,9.15,4.68,5.48,5.61,2.05,25.21
2023-07-07 04:00:00+00:00,189.14,166.17,258.94,29.33,19.92,79.05,10.61,23.04,70.21,16.8,38.07,56.53,22.8,27.63,5.52,46.49,17.76,9.09,4.78,5.82,6.05,2.08,25.72
2023-07-10 04:00:00+00:00,190.82,175.47,264.99,29.0,20.2,81.53,10.95,23.73,71.75,17.8,38.54,57.93,23.08,27.59,5.62,50.87,18.78,9.35,5.02,6.0,6.28,2.18,25.68
2023-07-11 04:00:00+00:00,189.62,173.78,265.05,28.89,19.96,81.94,11.18,23.6,71.97,18.8,37.82,57.95,23.23,27.9,5.58,52.13,19.77,9.52,4.95,5.9,6.43,2.22,25.48
2023-07-12 04:00:00+00:00,194.96,182.8,270.92,29.57,20.105,83.61,11.5,24.5,72.78,19.16,38.14,59.33,23.64,28.01,5.68,54.75,20.92,10.3,4.91,6.07,6.86,2.32,26.53
2023-07-13 04:00:00+00:00,196.95,182.64,272.01,30.18,20.7,83.84,12.36,25.95,71.99,19.89,39.02,58.59,23.81,27.72,5.78,54.88,21.66,10.42,5.1,6.1,6.83,2.37,26.86
2023-07-14 04:00:00+00:00,191.3,177.94,273.56,29.83,19.62,83.79,12.14,25.35,71.39,19.48,37.79,58.59,23.72,27.24,5.68,53.82,21.01,10.1,4.84,5.84,6.59,2.21,26.06
2023-07-17 04:00:00+00:00,206.71,189.67,283.85,29.62,19.98,84.22,12.76,26.71,73.58,21.83,39.08,58.82,23.73,27.19,5.64,55.14,22.91,11.16,5.0,6.5,7.0,2.49,27.21
2023-07-18 04:00:00+00:00,201.57,184.05,274.16,29.63,19.8,83.45,12.79,26.05,75.89,22.14,39.44,59.12,23.54,27.14,5.54,59.06,23.43,11.39,5.13,6.57,7.31,2.34,27.18
2023-07-19 04:00:00+00:00,198.58,185.49,273.75,29.93,19.5,84.41,13.17,26.92,74.45,22.47,39.57,58.78,24.15,27.62,5.89,63.01,23.26,11.31,5.15,6.64,7.34,2.4,27.51
2023-07-20 04:00:00+00:00,198.5,175.92,263.1,29.6,19.26,84.11,12.62,26.69,75.06,21.65,39.58,58.77,24.16,27.69,5.88,61.14,22.58,11.32,5.09,6.54,7.23,2.3,27.08
2023-07-21 04:00:00+00:00,197.91,177.48,263.9,30.02,19.15,84.16,12.39,26.38,75.35,21.34,39.12,58.68,24.15,27.94,6.39,59.05,21.44,11.25,4.97,6.42,6.99,2.26,27.245
2023-07-24 04:00:00+00:00,197.66,177.81,260.09,29.93,19.02,84.54,12.33,26.74,75.43,20.71,39.41,58.97,24.6,27.75,6.16,58.39,21.04,11.59,4.89,6.51,6.81,2.25,27.38
2023-07-25 04:00:00+00:00,200.01,179.47,259.46,29.86,19.08,82.97,11.83,26.92,76.37,20.3,38.55,56.57,24.44,27.53,5.98,57.98,20.7,11.22,4.81,6.57,6.79,2.17,28.42
2023-07-26 04:00:00+00:00,197.41,173.36,244.26,29.9,18.92,83.38,12.01,26.84,76.31,20.16,39.31,56.69,25.0,27.32,6.07,58.69,20.5,9.45,4.79,6.64,6.97,2.16,26.03
2023-07-27 04:00:00+00:00,198.8,166.8,241.75,29.64,18.92,81.61,11.65,26.24,75.77,18.34,44.19,54.12,24.23,26.43,5.96,56.59,18.1,9.23,4.63,6.47,6.37,2.09,23.775
2023-07-28 04:00:00+00:00,208.4,154.33,236.79,29.38,19.06,81.24,11.86,26.38,76.53,18.33,42.73,54.02,24.15,26.28,6.07,57.42,17.94,9.26,4.84,6.59,6.62,2.15,24.13
2023-07-31 04:00:00+00:00,207.4,151.83,241.46,29.15,19.05,81.3,13.12,25.96,78.67,18.98,42.35,54.45,24.12,26.41,6.2,58.21,17.66,9.87,4.93,6.81,7.07,2.19,24.69
2023-08-01 04:00:00+00:00,202.68,150.32,239.47,28.2,18.83,80.85,12.76,26.11,78.51,19.15,43.34,53.4,23.65,25.81,6.14,52.68,17.73,9.87,4.85,6.75,6.74,2.13,23.94
2023-08-02 04:00:00+00:00,194.28,140.69,195.51,26.75,17.93,79.07,11.65,24.51,76.75,17.84,41.73,52.97,23.16,25.27,6.04,51.21,16.59,9.04,4.76,6.22,6.54,2.01,22.59
2023-08-03 04:00:00+00:00,196.24,140.36,189.79,26.4,18.01,75.82,11.715,24.0,76.56,19.2,41.14,50.65,22.92,24.67,6.03,52.02,16.54,9.08,4.73,6.28,6.8,2.03,22.38
2023-08-04 04:00:00+00:00,194.38,140.0,182.65,26.76,18.07,76.98,11.56,22.92,71.8,17.53,40.88,50.55,22.88,24.93,6.03,50.03,15.65,8.67,4.64,6.21,6.94,1.99,22.04
2023-08-07 04:00:00+00:00,195.6,135.45,180.74,26.69,17.75,78.85,11.05,22.09,69.1,17.55,40.74,49.74,22.81,24.88,6.01,51.37,15.75,8.65,4.56,6.1,6.29,1.91,23.16
2023-08-08 04:00:00+00:00,196.1,135.77,178.45,26.8,17.88,77.59,10.91,22.17,68.97,17.43,41.23,48.09,22.49,24.45,6.06,51.49,15.53,8.5,4.53,6.11,6.81,1.91,23.21
2023-08-09 04:00:00+00:00,203.6,138.46,183.13,26.42,22.18,77.11,10.75,21.84,69.0,17.99,40.92,48.98,22.71,25.25,6.15,51.0,16.46,8.54,4.49,6.21,6.48,1.91,22.81
2023-08-10 04:00:00+00:00,205.01,136.46,177.84,26.43,22.51,77.15,9.05,21.88,70.21,16.97,40.73,47.91,22.83,25.38,6.15,50.12,15.72,8.32,4.19,6.1,6.19,1.9,22.28
2023-08-11 04:00:00+00:00,204.87,135.2,176.35,26.47,23.59,77.01,9.11,21.65,70.99,16.64,41.44,47.85,22.67,25.57,6.19,50.15,15.57,8.14,4.22,6.24,6.52,1.87,15.16
2023-08-14 04:00:00+00:00,211.43,138.59,176.99,26.58,23.12,77.49,9.29,21.62,71.04,16.77,42.15,47.15,22.53,25.33,6.19,51.14,16.2,8.13,4.16,5.83,6.29,1.88,15.765
2023-08-15 04:00:00+00:00,199.83,134.56,170.0,26.11,21.3,76.65,8.89,20.68,68.37,15.77,40.9,46.42,22.08,24.95,6.15,49.14,15.01,7.69,4.08,6.05,6.1,1.78,14.67
2023-08-16 04:00:00+00:00,191.89,132.875,162.32,26.32,20.68,75.75,8.58,20.25,67.26,14.88,38.84,46.77,22.09,24.78,6.06,47.36,14.26,7.46,4.08,6.05,5.52,1.7,14.32
2023-08-17 04:00:00+00:00,183.44,131.44,162.77,26.13,20.41,75.93,8.59,19.52,66.36,14.67,36.6,44.95,21.76,24.39,6.04,46.57,13.5,7.48,4.09,6.13,5.42,1.63,13.81
2023-08-18 04:00:00+00:00,181.91,130.34,162.34,26.09,21.16,75.71,8.64,19.09,67.19,14.21,37.4,46.28,21.9,24.26,6.1,47.42,13.35,7.22,4.12,6.31,5.54,1.61,13.7
2023-08-21 04:00:00+00:00,181.7,130.16,163.0,25.88,20.74,75.43,8.84,19.12,66.99,13.8,36.63,44.77,21.87,23.95,5.81,47.37,12.73,7.12,4.12,6.11,5.2,1.54,13.82
2023-08-22 04:00:00+00:00,176.5,128.32,164.16,25.37,20.68,75.13,8.43,19.22,66.97,13.67,36.48,44.99,22.12,24.0,5.7,45.22,12.8,7.19,4.12,6.18,5.16,1.435,13.4
2023-08-23 04:00:00+00:00,180.58,130.36,167.07,26.06,22.21,76.56,8.2,20.06,67.97,14.01,38.36,46.71,22.67,24.77,5.96,45.03,13.26,7.29,4.31,6.24,5.15,1.42,14.33
2023-08-24 04:00:00+00:00,174.42,122.34,156.94,26.18,21.8,75.38,7.99,19.49,66.65,13.57,38.34,47.3,22.82,24.71,6.24,43.36,12.82,6.9,4.08,5.99,4.9,1.33,13.45
2023-08-25 04:00:00+00:00,177.45,124.09,161.7,26.3,22.75,75.09,8.13,19.25,67.39,13.91,39.62,48.3,22.9,24.96,6.26,42.2,13.29,6.95,4.13,6.37,5.02,1.38,13.47
2023-08-28 04:00:00+00:00,176.76,125.3,161.47,26.48,23.28,75.3,8.33,19.37,68.16,13.97,40.81,48.62,22.89,25.17,6.05,42.37,12.87,6.85,4.09,6.53,5.08,1.33,14.17
2023-08-29 04:00:00+00:00,181.61,129.05,166.57,26.74,24.7,76.02,8.88,19.82,68.65,15.16,41.95,50.69,22.93,25.44,6.41,44.64,14.12,7.41,4.25,6.72,5.44,1.47,15.06
2023-08-30 04:00:00+00:00,184.96,128.11,164.11,25.72,24.68,75.47,8.57,19.8,68.46,15.43,41.82,50.0,22.44,25.13,6.23,43.37,13.78,7.24,4.3,6.38,5.26,1.42,15.85
2023-08-31 04:00:00+00:00,189.12,126.53,162.57,25.42,24.87,75.94,8.46,19.68,68.41,15.63,42.12,49.88,22.45,24.77,6.1,43.49,13.91,7.16,4.26,6.46,5.09,1.4,15.76
2023-09-01 04:00:00+00:00,186.37,128.73,161.95,25.18,24.95,75.7,8.51,20.53,68.49,15.81,43.13,49.1,22.13,24.56,6.02,44.08,14.03,7.29,4.25,6.42,5.15,1.47,15.96
2023-09-05 04:00:00+00:00,186.48,127.77,161.67,24.62,24.92,75.48,8.56,20.37,65.39,15.51,44.11,48.38,22.1,24.24,6.1,43.41,14.09,7.04,4.33,6.35,5.01,1.44,16.18
2023-09-06 04:00:00+00:00,182.09,123.03,155.9,23.94,24.6,74.48,8.45,20.05,65.4,15.11,43.7,47.55,21.86,23.9,5.78,42.49,13.92,6.7,4.29,6.54,4.67,1.41,15.5
2023-09-07 04:00:00+00:00,180.5,122.23,152.29,24.35,23.76,75.48,8.27,19.88,64.33,14.48,42.31,47.52,22.14,23.85,5.59,41.7,13.17,6.53,4.39,6.27,4.84,1.46,14.54
2023-09-08 04:00:00+00:00,183.21,120.23,148.85,24.7,23.43,74.56,7.96,20.82,64.02,13.99,42.61,47.99,22.22,24.15,5.65,40.94,12.99,6.62,4.4,6.33,4.78,1.44,14.87
2023-09-11 04:00:00+00:00,179.37,122.19,148.26,24.78,23.51,74.87,7.99,21.2,63.54,13.72,42.74,48.72,22.26,24.26,5.72,42.7,12.7,6.62,4.6,6.12,4.71,1.39,14.72
2023-09-12 04:00:00+00:00,180.94,123.35,150.87,24.98,25.15,74.58,8.3,22.09,62.88,14.63,43.67,48.74,22.55,24.47,5.94,43.53,13.75,7.29,4.63,6.17,5.01,1.35,14.63
2023-09-13 04:00:00+00:00,170.5,119.6,144.97,25.04,24.8,74.85,8.21,21.09,62.59,14.16,41.24,49.18,22.57,24.85,6.02,44.14,12.97,6.99,4.47,6.05,4.7,1.28,14.07
2023-09-14 04:00:00+00:00,177.0,122.31,144.76,25.98,26.32,75.46,8.73,21.98,62.95,15.5,43.15,50.44,23.06,25.17,6.1,46.79,13.58,7.28,4.59,6.05,5.04,1.28,14.17
2023-09-15 04:00:00+00:00,174.05,120.3,140.29,26.25,25.16,74.59,8.52,20.99,63.34,15.06,42.88,50.92,22.88,25.36,5.97,46.75,12.86,7.22,4.37,6.05,4.82,1.24,13.74
2023-09-18 04:00:00+00:00,167.74,117.16,136.22,26.18,24.12,73.71,8.15,20.34,62.54,14.1,41.52,50.07,22.56,24.97,5.81,43.55,11.82,6.77,4.09,5.91,4.49,1.17,13.17
2023-09-19 04:00:00+00:00,169.18,122.09,138.46,26.0,25.02,74.43,8.24,20.56,62.55,14.4,41.6,49.66,22.14,24.99,5.8,43.25,11.67,6.95,4.08,6.0,4.97,1.21,12.885
2023-09-20 04:00:00+00:00,169.24,123.97,139.2,26.02,25.13,73.98,8.09,20.57,61.02,14.26,42.23,48.9,21.89,24.86,5.81,41.72,11.68,6.84,4.04,5.81,4.73,1.21,12.67
2023-09-21 04:00:00+00:00,166.24,124.85,136.29,25.24,24.78,73.62,7.6,20.16,59.69,13.515,41.1,47.86,21.13,23.95,5.65,41.17,10.83,6.62,3.97,5.51,4.42,1.16,12.23
2023-09-22 04:00:00+00:00,162.45,119.92,134.6,25.54,23.61,72.83,7.43,20.03,59.91,12.89,40.81,48.84,20.75,23.73,5.73,41.99,10.84,6.37,3.99,5.47,4.33,1.18,12.08
2023-09-25 04:00:00+00:00,164.34,121.1,131.87,25.81,23.14,72.77,7.47,20.24,60.84,12.75,41.07,48.44,20.93,23.89,5.66,42.0,10.95,6.1,3.81,5.45,4.21,1.23,12.15
2023-09-26 04:00:00+00:00,161.39,119.15,127.27,25.83,22.98,72.33,7.55,20.1,59.45,12.55,40.715,46.9,20.43,23.26,5.55,40.48,10.59,6.08,3.77,5.35,4.09,1.26,12.12
2023-09-27 04:00:00+00:00,158.61,120.11,128.01,23.92,23.43,70.93,7.73,19.64,59.08,12.41,40.3,37.46,19.13,21.49,5.5,39.53,10.58,6.15,3.74,5.37,4.06,1.29,12.22
2023-09-28 04:00:00+00:00,161.5,120.02,130.74,22.8,23.2,69.55,7.57,18.9,59.78,12.3,39.5,30.54,18.69,20.79,5.43,38.48,10.36,6.1,3.69,5.0,4.18,1.25,11.77
2023-09-29 04:00:00+00:00,161.59,120.15,129.51,21.74,22.19,69.92,7.6,18.25,60.58,12.56,40.16,29.7,19.1,21.16,5.43,38.56,10.47,6.17,3.83,5.25,4.24,1.28,11.59
2023-10-02 04:00:00+00:00,156.34,116.84,122.56,20.44,21.36,68.18,6.825,17.14,58.8,11.24,39.03,24.74,17.92,19.75,5.06,35.41,9.68,5.62,3.59,4.8,3.86,1.2,10.73
2023-10-03 04:00:00+00:00,151.25,114.22,120.31,20.33,19.545,67.26,6.53,16.47,58.37,10.66,36.17,23.14,17.15,19.26,4.92,33.82,9.41,5.475,3.73,4.52,3.69,1.19,10.4
2023-10-04 04:00:00+00:00,151.82,117.18,125.31,20.87,20.33,68.72,6.53,16.62,58.46,10.54,35.67,22.38,17.1,19.27,4.93,35.23,9.62,5.47,3.51,4.43,3.73,1.24,10.14
2023-10-05 04:00:00+00:00,145.35,116.01,120.62,21.17,18.83,66.06,6.4,15.1,57.81,10.01,33.05,21.0,16.8,18.76,4.82,33.09,8.81,5.45,3.57,4.37,3.71,1.22,9.89
2023-10-06 04:00:00+00:00,148.56,119.16,123.97,21.31,19.75,67.63,6.61,15.15,58.79,10.45,33.98,22.55,17.65,20.79,5.26,33.19,9.13,5.46,3.73,4.64,3.94,1.25,9.99
