,ALB,AYI,LTHM,MP,SQM,FLNC,CHPT,MNTK,BLDP,LNZA,ALLG
,close,close,close,close,close,close,close,close,close,close,close
timestamp,,,,,,,,,,,
2022-01-03 05:00:00+00:00,236.67,213.09,25.52,47.65,50.73,34.87,19.87,10.16,12.63,9.66,9.92
2022-01-04 05:00:00+00:00,242.58,216.7,26.43,50.4,49.1,34.85,19.52,10.42,12.57,9.66,9.92
2022-01-05 05:00:00+00:00,235.64,213.06,24.2,45.51,47.66,30.23,18.16,10.28,12.01,9.66,9.9
2022-01-06 05:00:00+00:00,233.38,210.69,23.73,45.31,49.06,28.06,17.35,9.96,11.89,9.69,9.89
2022-01-07 05:00:00+00:00,236.02,214.63,23.8,45.52,49.96,27.4,16.89,9.9,11.65,9.69,9.89
2022-01-10 05:00:00+00:00,226.97,204.65,23.48,45.72,48.36,26.05,15.78,9.7,11.12,9.69,9.89
2022-01-11 05:00:00+00:00,240.17,208.75,24.73,47.72,51.87,26.92,16.21,10.04,11.31,9.69,9.89
2022-01-12 05:00:00+00:00,241.07,207.9,25.39,49.44,55.63,25.82,15.99,10.2,11.23,9.69,9.895
2022-01-13 05:00:00+00:00,235.23,206.93,24.52,45.89,55.55,24.6,14.79,9.9,11.06,9.69,9.89
2022-01-14 05:00:00+00:00,233.67,206.56,24.58,46.83,56.55,24.2,14.69,9.88,10.98,9.68,9.89
2022-01-18 05:00:00+00:00,226.3,207.29,23.72,46.88,56.43,23.49,14.3,10.0,10.67,9.68,9.89
2022-01-19 05:00:00+00:00,219.69,204.3,23.11,44.58,57.47,21.93,14.24,10.15,10.45,9.68,9.88
2022-01-20 05:00:00+00:00,217.15,200.08,22.74,42.35,55.97,21.37,14.13,10.67,10.48,9.68,9.89
2022-01-21 05:00:00+00:00,212.75,195.69,21.91,39.33,54.61,20.13,13.22,10.46,9.85,9.68,9.91
2022-01-24 05:00:00+00:00,211.92,198.3,22.56,40.09,53.29,20.66,12.94,9.95,9.8,9.68,9.9
2022-01-25 05:00:00+00:00,206.01,195.99,21.99,39.22,53.49,20.79,12.5,9.9,9.5,9.68,9.89
2022-01-26 05:00:00+00:00,205.62,193.84,21.74,38.97,52.09,19.96,12.59,9.79,9.49,9.66,9.9
2022-01-27 05:00:00+00:00,205.43,186.6,21.14,37.45,51.58,17.56,11.45,10.0,8.94,9.66,9.9
2022-01-28 05:00:00+00:00,206.23,188.16,21.1,37.96,51.19,17.03,12.65,10.01,9.2,9.66,9.9
2022-01-31 05:00:00+00:00,220.74,191.53,23.01,39.94,54.15,18.7,13.85,10.79,10.4,9.64,9.88
2022-02-01 05:00:00+00:00,225.2,194.07,23.36,40.36,56.71,19.16,14.24,10.83,10.69,9.62,9.935
2022-02-02 05:00:00+00:00,221.49,194.64,22.96,39.36,54.71,17.85,13.46,10.59,10.06,9.64,9.94
2022-02-03 05:00:00+00:00,215.06,189.05,22.05,33.75,52.73,15.61,12.59,10.38,9.5,9.58,9.91
2022-02-04 05:00:00+00:00,216.02,187.52,22.25,35.83,53.27,15.47,13.26,10.6,9.73,9.58,9.91
2022-02-07 05:00:00+00:00,219.78,186.5,22.72,37.57,55.6,15.97,12.7,10.14,9.28,9.63,9.93
2022-02-08 05:00:00+00:00,226.69,188.6,23.62,38.12,56.63,15.61,13.0,10.27,9.38,9.63,9.92
2022-02-09 05:00:00+00:00,236.43,191.82,24.49,39.36,58.82,16.67,13.82,10.53,9.86,9.63,9.92
2022-02-10 05:00:00+00:00,236.04,187.67,24.03,39.03,62.64,15.21,13.92,10.44,9.53,9.63,9.93
2022-02-11 05:00:00+00:00,230.89,182.17,22.99,40.03,64.45,13.34,13.5,10.52,9.27,9.62,9.96
2022-02-14 05:00:00+00:00,227.68,183.11,22.86,40.72,64.34,12.74,13.38,10.41,9.28,9.62,9.96
2022-02-15 05:00:00+00:00,241.39,185.61,24.37,43.24,65.6,13.47,15.26,10.33,10.27,9.63,9.95
2022-02-16 05:00:00+00:00,246.0,186.35,25.08,43.99,66.15,13.59,15.32,10.37,10.45,9.63,9.96
2022-02-17 05:00:00+00:00,197.02,180.65,22.15,41.6,62.96,13.08,14.45,10.69,9.96,9.63,9.96
2022-02-18 05:00:00+00:00,190.76,180.87,22.69,41.31,61.46,12.16,13.81,10.13,9.62,9.63,9.955
2022-02-22 05:00:00+00:00,191.85,177.31,21.51,40.98,60.42,11.18,12.97,10.02,9.07,9.62,9.95
2022-02-23 05:00:00+00:00,182.0,171.84,21.01,40.84,59.81,10.83,12.38,9.89,8.86,9.62,9.97
2022-02-24 05:00:00+00:00,184.2,177.02,21.93,43.85,60.86,12.48,13.64,9.95,9.58,9.62,9.96
2022-02-25 05:00:00+00:00,191.95,183.06,23.09,46.85,64.4,12.07,13.71,10.19,9.79,9.6353,9.97
2022-02-28 05:00:00+00:00,195.89,182.37,23.55,45.62,66.18,13.53,14.52,10.34,11.42,9.6353,9.96
2022-03-01 05:00:00+00:00,186.44,182.74,22.35,41.03,63.99,12.18,14.29,9.97,11.02,9.66,9.97
2022-03-02 05:00:00+00:00,191.12,189.2,22.13,41.98,65.86,11.74,14.07,10.1,10.96,9.65,9.98
2022-03-03 05:00:00+00:00,186.33,184.69,21.1,40.09,73.6,10.77,15.01,10.32,10.33,9.7,9.77
2022-03-04 05:00:00+00:00,179.07,184.43,20.33,38.95,78.15,10.04,14.4,10.34,9.74,9.7,9.84
2022-03-07 05:00:00+00:00,172.09,181.95,19.86,39.37,72.07,9.85,15.73,9.88,10.18,9.7,9.87
2022-03-08 05:00:00+00:00,180.74,182.98,22.3,43.77,72.98,11.3,16.57,10.04,11.56,9.79,11.61
2022-03-09 05:00:00+00:00,187.13,188.0,23.07,45.48,75.03,11.93,17.47,10.2,11.65,9.79,9.93
2022-03-10 05:00:00+00:00,188.37,184.19,23.51,45.7,77.53,12.18,17.22,11.34,11.56,9.79,9.84
2022-03-11 05:00:00+00:00,184.76,180.87,22.86,43.73,74.85,10.88,16.56,11.0,10.98,9.77,9.88
2022-03-14 04:00:00+00:00,176.29,181.51,21.03,40.54,70.36,10.26,14.95,10.4,10.11,9.77,6.57
2022-03-15 04:00:00+00:00,181.95,184.39,21.59,41.54,70.81,11.33,15.5,10.21,10.28,9.74,6.12
2022-03-16 04:00:00+00:00,191.25,189.36,23.27,43.95,73.03,12.55,17.11,10.66,11.0,9.7794,6.46
2022-03-17 04:00:00+00:00,196.37,195.64,24.0,43.8,75.21,13.59,18.01,11.31,11.53,9.77,9.2
2022-03-18 04:00:00+00:00,198.24,193.26,24.32,47.04,77.18,14.17,18.44,11.41,11.75,9.76,9.79
2022-03-21 04:00:00+00:00,198.68,194.18,24.26,49.1,80.39,14.17,18.13,11.18,11.46,9.74,8.65
2022-03-22 04:00:00+00:00,205.6,192.24,25.0,48.93,80.16,14.24,18.44,11.22,11.81,9.73,8.28
2022-03-23 04:00:00+00:00,208.21,188.56,24.85,50.0,80.05,13.58,18.48,11.34,12.14,9.75,17.73
2022-03-24 04:00:00+00:00,214.15,189.84,25.71,56.5,83.84,13.82,18.75,11.75,12.27,9.74,15.39
2022-03-25 04:00:00+00:00,217.58,195.16,25.64,54.81,84.73,13.13,18.47,11.49,11.79,9.72,18.72
2022-03-28 04:00:00+00:00,214.34,194.6,25.09,54.52,82.45,13.05,18.67,11.36,11.62,9.73,20.92
2022-03-29 04:00:00+00:00,222.48,196.53,25.15,54.64,83.31,13.91,19.66,11.55,12.27,9.74,17.9
2022-03-30 04:00:00+00:00,223.15,194.07,26.19,56.4,85.54,13.34,19.37,11.46,11.87,9.76,17.4
2022-03-31 04:00:00+00:00,221.15,189.3,26.07,57.34,85.6,13.11,19.88,11.2,11.64,9.76,15.12
2022-04-01 04:00:00+00:00,224.92,191.12,27.46,56.54,88.75,13.62,19.7,11.17,11.56,9.7492,12.32
2022-04-04 04:00:00+00:00,226.04,185.07,27.95,58.26,89.13,14.44,20.54,11.2,12.4,9.75,12.12
2022-04-05 04:00:00+00:00,217.3,170.12,26.14,54.47,85.88,13.14,19.49,11.12,11.94,9.765,13.4
2022-04-06 04:00:00+00:00,211.47,168.01,25.64,53.34,85.0,12.14,17.74,10.62,11.16,9.7587,13.06
2022-04-07 04:00:00+00:00,211.85,165.53,25.4,54.0,85.65,12.15,17.8,10.68,11.1,9.76,14.29
2022-04-08 04:00:00+00:00,211.0,168.7,25.04,52.48,85.52,11.54,16.76,10.72,10.68,9.75,12.61
2022-04-11 04:00:00+00:00,206.0,168.42,24.64,51.57,81.55,10.59,16.51,10.79,10.77,9.75,12.09
2022-04-12 04:00:00+00:00,205.02,168.7,24.06,49.12,82.56,10.24,16.09,11.09,10.38,9.75,11.72
2022-04-13 04:00:00+00:00,212.5,172.92,25.28,51.42,84.67,10.67,16.66,10.9,10.5,9.75,11.93
2022-04-14 04:00:00+00:00,210.89,170.79,25.02,49.07,82.6,10.07,15.25,10.38,10.15,9.76,11.19
2022-04-18 04:00:00+00:00,209.67,172.15,24.81,46.57,83.57,10.09,15.26,10.83,9.9,9.85,11.14
2022-04-19 04:00:00+00:00,218.15,177.03,26.05,47.5,85.21,10.8,16.37,11.22,10.37,9.81,10.83
2022-04-20 04:00:00+00:00,217.19,181.21,25.7,45.24,86.25,10.11,15.43,10.97,9.96,9.82,11.03
2022-04-21 04:00:00+00:00,207.24,180.3,23.3,42.44,78.82,9.38,14.62,10.43,9.2,9.825,10.68
2022-04-22 04:00:00+00:00,200.64,174.24,22.35,41.17,77.71,9.39,14.43,10.19,8.84,9.825,10.39
2022-04-25 04:00:00+00:00,198.46,177.33,22.07,41.64,74.54,9.48,14.94,10.21,9.08,9.82,9.45
2022-04-26 04:00:00+00:00,187.76,176.15,20.66,38.15,71.4,8.87,13.87,10.19,8.59,9.84,8.17
2022-04-27 04:00:00+00:00,192.23,173.53,21.31,38.76,73.47,9.1,13.27,10.26,8.31,9.86,8.52
2022-04-28 04:00:00+00:00,195.26,177.95,21.76,40.0,74.41,9.45,13.48,10.65,8.43,9.8899,12.38
2022-04-29 04:00:00+00:00,192.83,172.48,21.36,38.04,73.8,9.17,12.94,11.36,8.3,9.8525,12.54
2022-05-02 04:00:00+00:00,191.42,173.13,21.37,38.68,73.04,9.36,13.23,11.89,8.5,9.87,11.21
2022-05-03 04:00:00+00:00,197.12,173.38,21.92,39.53,74.9,9.73,13.48,12.17,8.64,9.88,11.09
2022-05-04 04:00:00+00:00,215.47,177.77,28.55,40.59,80.29,10.86,14.22,12.77,9.17,9.85,11.17
2022-05-05 04:00:00+00:00,236.5,172.48,28.12,39.75,80.27,10.08,13.18,12.08,8.35,9.85,10.16
2022-05-06 04:00:00+00:00,242.41,166.52,28.02,37.69,78.87,10.39,12.02,12.11,7.83,9.9,10.2
2022-05-09 04:00:00+00:00,221.64,165.42,24.33,38.29,74.6,8.95,10.65,10.34,6.92,9.87,10.61
2022-05-10 04:00:00+00:00,221.43,162.71,24.01,36.08,74.48,8.24,10.27,10.04,6.66,9.85,8.1
2022-05-11 04:00:00+00:00,213.03,159.96,23.1,34.2,75.56,7.09,8.95,10.38,6.04,9.88,7.61
2022-05-12 04:00:00+00:00,213.45,165.27,23.44,34.08,76.42,6.31,9.62,10.08,6.27,9.865,7.84
2022-05-13 04:00:00+00:00,228.82,165.91,26.37,35.48,83.61,7.3,10.39,11.55,6.87,9.86,8.17
2022-05-16 04:00:00+00:00,226.32,165.13,26.15,35.31,83.39,7.66,9.94,11.49,6.59,9.86,9.42
2022-05-17 04:00:00+00:00,239.23,170.64,27.76,38.69,89.84,8.62,10.73,11.74,6.99,9.86,8.75
2022-05-18 04:00:00+00:00,235.98,166.73,27.17,36.96,90.21,8.1,10.38,11.7,6.91,9.86,8.26
2022-05-19 04:00:00+00:00,239.08,166.87,28.76,38.94,95.23,9.12,10.99,11.79,7.41,9.86,8.12
2022-05-20 04:00:00+00:00,236.44,164.33,28.33,38.22,95.46,8.95,11.02,11.86,7.24,9.86,7.98
2022-05-23 04:00:00+00:00,242.94,165.66,29.39,39.26,101.49,9.29,11.3,12.27,7.26,9.84,8.09
2022-05-24 04:00:00+00:00,243.15,164.49,29.22,36.82,100.29,8.56,10.41,12.07,6.595,9.8,8.39
2022-05-25 04:00:00+00:00,237.51,168.74,28.28,38.27,101.09,9.46,10.79,12.34,6.87,9.8,8.34
2022-05-26 04:00:00+00:00,255.05,174.96,30.2,39.4,107.14,9.36,11.81,12.4,7.35,9.86,8.57
2022-05-27 04:00:00+00:00,270.92,177.86,34.49,40.13,113.33,9.99,13.45,13.07,7.84,9.86,8.65
2022-05-31 04:00:00+00:00,260.42,175.02,31.79,39.43,106.17,9.8,12.79,12.93,7.27,9.86,8.05
2022-06-01 04:00:00+00:00,240.12,174.82,27.25,38.97,100.74,9.75,12.45,14.38,7.1,9.8101,8.08
2022-06-02 04:00:00+00:00,251.29,178.84,29.19,38.56,103.83,10.2,13.9,15.23,7.56,9.92,8.23
2022-06-03 04:00:00+00:00,250.76,180.14,28.21,38.71,103.04,10.8,14.57,15.23,7.3,9.84,8.58
2022-06-06 04:00:00+00:00,257.79,182.06,30.23,40.1,103.52,11.47,14.97,16.56,7.56,9.85,8.38
2022-06-07 04:00:00+00:00,257.89,185.49,30.08,42.13,101.39,10.4,15.55,14.86,7.57,9.853,7.94
2022-06-08 04:00:00+00:00,253.62,179.23,29.13,39.26,98.38,10.4,15.49,15.12,7.45,9.853,7.8
2022-06-09 04:00:00+00:00,241.78,178.0,27.74,38.47,95.88,9.7,15.41,13.89,7.0,9.853,7.7
2022-06-10 04:00:00+00:00,236.87,172.91,27.03,37.19,96.04,9.34,14.39,13.63,6.77,9.82,7.44
2022-06-13 04:00:00+00:00,222.22,166.44,25.14,34.17,92.63,8.78,12.08,12.52,5.97,9.82,6.82
2022-06-14 04:00:00+00:00,223.33,167.14,25.56,35.1,93.26,8.54,12.51,13.08,5.83,9.8,7.02
2022-06-15 04:00:00+00:00,215.08,169.0,24.67,35.57,93.94,9.32,13.36,13.91,6.25,9.9287,7.48
2022-06-16 04:00:00+00:00,202.17,158.12,22.16,32.38,88.4,8.37,12.55,14.2,5.84,9.86,7.0
2022-06-17 04:00:00+00:00,212.04,153.54,23.21,32.96,90.29,9.26,14.03,13.2,6.2,9.78,7.23
2022-06-21 04:00:00+00:00,216.33,155.23,24.01,34.03,93.59,9.78,14.43,13.56,6.48,9.77,7.26
2022-06-22 04:00:00+00:00,216.24,155.06,23.44,33.27,90.46,9.6,14.25,12.04,6.47,9.76,7.27
2022-06-23 04:00:00+00:00,213.62,146.36,23.33,32.1,86.57,9.95,15.55,11.67,6.76,9.76,6.72
2022-06-24 04:00:00+00:00,224.79,154.68,24.25,35.72,89.28,9.19,15.46,11.21,6.86,9.77,6.19
2022-06-27 04:00:00+00:00,226.62,156.81,24.82,35.88,92.58,9.17,15.39,11.25,6.74,9.77,5.78
2022-06-28 04:00:00+00:00,223.19,154.34,23.82,35.8,87.09,9.38,14.4,10.71,6.43,9.7799,5.66
2022-06-29 04:00:00+00:00,211.89,155.74,22.79,34.11,84.3,8.89,13.86,10.05,6.3,9.77,5.11
2022-06-30 04:00:00+00:00,208.98,154.04,22.69,32.08,83.53,9.48,13.69,10.05,6.3,9.77,5.09
2022-07-01 04:00:00+00:00,205.15,157.84,22.17,31.56,84.67,9.0,12.69,9.33,6.41,9.77,4.66
2022-07-05 04:00:00+00:00,200.43,155.92,21.72,31.04,84.67,9.2,12.7,9.58,6.43,9.76,4.24
2022-07-06 04:00:00+00:00,198.3,156.01,21.03,30.12,83.35,9.29,12.45,9.7,6.58,9.76,3.92
2022-07-07 04:00:00+00:00,203.0,157.83,21.89,32.44,89.16,10.26,13.75,10.16,7.23,9.76,4.0
2022-07-08 04:00:00+00:00,205.93,156.56,22.25,31.19,86.49,11.19,13.38,10.39,7.31,9.75,3.97
2022-07-11 04:00:00+00:00,199.82,157.96,21.43,29.61,82.68,10.37,11.94,10.09,6.81,9.75,3.65
2022-07-12 04:00:00+00:00,195.82,160.81,20.79,29.22,81.33,10.12,11.97,9.83,6.76,9.78,3.5
2022-07-13 04:00:00+00:00,196.0,160.56,20.61,29.32,83.12,9.85,11.93,9.94,6.89,9.77,3.5
2022-07-14 04:00:00+00:00,196.66,161.77,20.1,28.37,81.35,9.77,11.34,10.06,6.7,9.82,3.42
2022-07-15 04:00:00+00:00,200.7,164.47,20.24,28.76,85.06,9.25,11.57,10.28,6.32,9.82,3.44
2022-07-18 04:00:00+00:00,203.88,164.1,20.9,28.9,85.85,10.22,12.43,10.37,6.89,9.82,3.56
2022-07-19 04:00:00+00:00,211.52,172.38,21.9,29.79,89.24,10.56,12.64,10.69,7.14,9.82,3.8
2022-07-20 04:00:00+00:00,219.51,175.03,22.64,30.08,88.76,11.05,14.33,10.78,7.31,9.82,4.18
2022-07-21 04:00:00+00:00,225.6,176.72,23.17,29.66,92.0,11.11,14.74,10.74,7.3,9.82,4.06
2022-07-22 04:00:00+00:00,221.46,176.2,22.85,28.46,90.62,10.2,13.85,10.4,6.98,9.82,3.78
2022-07-25 04:00:00+00:00,227.57,175.72,23.03,31.17,95.41,10.27,13.32,10.75,6.95,9.82,3.74
2022-07-26 04:00:00+00:00,225.1,174.35,23.06,30.23,93.64,9.55,12.75,10.78,6.6,9.79,3.68
2022-07-27 04:00:00+00:00,234.29,171.44,24.44,31.19,97.01,10.01,13.14,11.23,7.08,9.78,3.77
2022-07-28 04:00:00+00:00,236.32,178.07,24.25,32.92,97.26,12.63,15.3,11.7,8.01,9.77,3.85
2022-07-29 04:00:00+00:00,244.31,182.4,24.89,33.57,98.37,13.74,15.11,11.97,8.03,9.79,3.93
2022-08-01 04:00:00+00:00,239.96,181.61,24.27,33.28,98.04,13.6,14.74,12.35,7.82,9.83,3.85
2022-08-02 04:00:00+00:00,243.89,176.75,25.93,33.9,98.1,13.84,15.41,12.63,8.2,9.7801,3.74
2022-08-03 04:00:00+00:00,239.54,176.07,24.2,34.68,94.95,14.43,15.96,13.9,8.28,9.7801,3.99
2022-08-04 04:00:00+00:00,234.89,175.43,23.81,35.06,94.74,15.99,15.88,13.93,8.73,9.83,3.71
2022-08-05 04:00:00+00:00,237.99,178.97,24.66,38.48,92.79,16.58,16.06,13.7,8.77,9.95,3.55
2022-08-08 04:00:00+00:00,244.84,179.38,26.0,39.29,96.08,16.79,16.0,14.11,8.88,9.92,3.61
2022-08-09 04:00:00+00:00,244.66,173.59,26.42,37.47,97.45,15.89,15.73,14.31,8.41,9.8,3.71
2022-08-10 04:00:00+00:00,259.3,179.35,28.2,38.52,101.12,17.43,16.44,15.45,8.91,9.865,5.83
2022-08-11 04:00:00+00:00,265.7,181.55,28.34,37.81,101.78,16.76,16.69,15.59,8.65,9.84,4.72
2022-08-12 04:00:00+00:00,281.57,183.24,30.03,38.02,108.7,18.12,18.87,16.15,8.97,9.9,5.34
2022-08-15 04:00:00+00:00,284.08,183.15,31.0,37.21,111.41,17.86,18.63,16.05,8.77,9.865,5.38
2022-08-16 04:00:00+00:00,280.81,185.82,30.65,37.07,105.7,17.32,18.1,15.74,8.54,9.84,5.06
2022-08-17 04:00:00+00:00,277.62,185.86,30.22,35.89,104.42,17.21,16.88,16.21,8.33,9.84,4.68
2022-08-18 04:00:00+00:00,279.51,186.8,30.62,36.27,94.02,17.55,16.54,17.66,8.2,9.84,4.64
2022-08-19 04:00:00+00:00,270.02,184.39,28.57,35.11,90.07,16.4,15.03,17.61,7.53,9.84,4.44
2022-08-22 04:00:00+00:00,275.7,178.82,28.86,34.51,93.73,16.46,14.12,16.68,7.28,9.9,4.57
2022-08-23 04:00:00+00:00,281.03,178.6,30.33,35.75,99.12,17.5,14.2,17.5,7.38,10.045,4.32
2022-08-24 04:00:00+00:00,287.88,179.22,32.62,37.16,101.94,19.71,15.19,18.32,8.03,9.95,4.62
2022-08-25 04:00:00+00:00,295.68,180.98,33.39,37.97,105.89,20.65,15.69,18.55,8.42,9.95,4.25
2022-08-26 04:00:00+00:00,288.16,171.7,32.89,36.28,104.83,19.49,15.28,17.3,7.99,9.86,3.93
2022-08-29 04:00:00+00:00,284.97,168.74,32.41,35.92,105.01,19.18,15.04,17.83,7.86,9.83,3.88
2022-08-30 04:00:00+00:00,272.77,166.35,32.02,34.47,102.35,18.81,14.49,17.4,7.74,9.825,3.89
2022-08-31 04:00:00+00:00,267.96,163.93,32.18,34.99,99.68,19.95,16.27,17.75,7.8,9.8,4.36
2022-09-01 04:00:00+00:00,256.96,163.14,30.65,32.31,97.64,18.03,15.31,16.38,7.41,9.8,4.1
2022-09-02 04:00:00+00:00,259.88,160.15,30.53,32.12,101.29,18.09,14.5,17.29,7.26,9.8799,3.9
2022-09-06 04:00:00+00:00,266.7,160.31,31.16,31.23,103.71,18.2,14.75,17.36,7.19,9.8799,3.74
2022-09-07 04:00:00+00:00,279.2,164.53,33.22,31.66,105.54,19.4,16.08,17.69,7.45,9.78,3.95
2022-09-08 04:00:00+00:00,291.43,166.51,34.7,32.67,111.27,18.82,17.25,18.39,7.68,9.84,4.33
2022-09-09 04:00:00+00:00,300.37,171.52,34.45,33.89,111.12,18.7,17.68,18.21,8.08,9.84,4.42
2022-09-12 04:00:00+00:00,296.97,173.39,33.56,33.06,108.75,18.92,18.28,20.16,8.02,9.99,5.9
2022-09-13 04:00:00+00:00,298.09,162.96,33.54,32.37,108.49,18.31,17.54,18.92,7.59,9.84,5.93
2022-09-14 04:00:00+00:00,307.05,162.55,35.05,32.37,113.52,19.25,18.18,20.32,7.61,9.84,5.45
2022-09-15 04:00:00+00:00,286.75,159.41,33.32,32.07,104.52,19.17,19.25,18.93,7.42,9.84,6.02
2022-09-16 04:00:00+00:00,287.32,155.0,33.3,31.38,104.15,18.24,17.97,18.41,7.28,9.84,5.79
2022-09-19 04:00:00+00:00,296.95,163.1,34.66,32.2,107.03,18.58,17.75,18.57,7.31,9.87,5.59
2022-09-20 04:00:00+00:00,287.65,162.07,33.95,31.85,104.66,17.36,16.44,17.99,6.81,9.86,5.41
2022-09-21 04:00:00+00:00,285.03,163.51,33.58,31.68,103.61,17.55,16.21,17.8,6.96,9.83,6.09
2022-09-22 04:00:00+00:00,272.15,158.64,31.61,30.55,98.27,15.56,15.34,18.05,6.58,9.83,6.04
2022-09-23 04:00:00+00:00,269.45,158.09,30.57,28.89,93.95,14.65,14.75,17.04,6.43,9.85,5.72
2022-09-26 04:00:00+00:00,265.03,157.38,30.17,27.97,91.81,14.38,14.51,17.15,6.53,9.83,5.61
2022-09-27 04:00:00+00:00,269.68,153.51,31.32,27.81,94.22,14.45,15.22,18.06,6.64,9.87,5.88
2022-09-28 04:00:00+00:00,277.95,157.7,32.17,28.78,95.33,14.85,15.83,18.37,6.84,9.9129,4.52
2022-09-29 04:00:00+00:00,265.44,154.19,30.71,27.02,90.79,14.3,14.93,17.58,6.14,9.8,4.52
2022-09-30 04:00:00+00:00,264.44,157.47,30.65,27.3,90.75,14.59,14.76,17.44,6.12,9.79,4.36
2022-10-03 04:00:00+00:00,273.73,159.65,30.64,28.92,92.51,15.57,15.05,18.03,6.32,9.83,4.57
2022-10-04 04:00:00+00:00,283.78,167.5,31.1,30.72,97.49,16.61,16.31,15.89,6.89,9.81,4.96
2022-10-05 04:00:00+00:00,276.8,169.35,29.69,30.92,93.24,16.09,15.64,15.15,6.47,9.79,4.78
2022-10-06 04:00:00+00:00,280.94,164.34,29.68,30.79,94.04,15.25,15.61,14.71,6.3,9.7898,4.62
2022-10-07 04:00:00+00:00,272.53,157.21,29.33,29.68,90.05,14.4,14.43,14.37,6.08,9.78,4.63
2022-10-10 04:00:00+00:00,278.1,161.25,29.94,30.32,91.88,14.38,13.76,14.58,5.95,9.805,4.47
2022-10-11 04:00:00+00:00,272.99,166.38,28.54,29.07,90.74,14.35,13.71,14.54,5.99,9.78,4.43
2022-10-12 04:00:00+00:00,251.45,167.61,26.83,28.75,83.12,13.73,13.39,14.14,5.61,9.79,4.1
2022-10-13 04:00:00+00:00,256.0,171.2,28.51,29.37,86.37,13.74,13.5,14.56,5.65,9.79,3.82
2022-10-14 04:00:00+00:00,237.47,164.94,26.88,27.25,82.64,13.47,12.59,14.39,5.49,9.79,3.68
2022-10-17 04:00:00+00:00,248.03,170.9,27.96,27.93,87.58,14.13,13.07,16.54,5.66,9.79,3.58
2022-10-18 04:00:00+00:00,251.67,175.02,28.66,28.5,89.35,14.06,13.68,17.21,5.71,9.79,3.58
2022-10-19 04:00:00+00:00,256.51,171.77,28.42,28.68,90.15,13.84,12.99,17.48,5.39,9.79,3.57
2022-10-20 04:00:00+00:00,255.39,166.59,28.18,28.04,89.02,12.37,12.36,17.39,5.51,9.81,3.54
2022-10-21 04:00:00+00:00,270.01,174.01,30.42,30.37,94.08,12.76,12.65,17.99,5.69,9.79,3.52
2022-10-24 04:00:00+00:00,270.57,177.75,30.21,29.98,91.78,12.69,12.42,17.28,5.43,9.81,3.33
2022-10-25 04:00:00+00:00,281.43,184.76,31.3,31.63,96.71,13.91,13.34,17.58,5.73,9.83,3.75
2022-10-26 04:00:00+00:00,282.15,181.84,31.35,31.49,97.34,14.52,13.71,17.45,5.67,9.81,3.57
2022-10-27 04:00:00+00:00,282.17,180.3,30.98,31.04,96.8,14.49,13.66,16.97,5.61,9.81,3.39
2022-10-28 04:00:00+00:00,280.16,184.04,31.27,30.23,95.16,14.6,13.52,15.96,5.6,9.81,3.36
2022-10-31 04:00:00+00:00,279.87,183.57,31.57,30.04,93.68,14.93,13.98,14.97,5.67,9.8,3.42
2022-11-01 04:00:00+00:00,279.0,185.43,31.33,31.55,93.76,14.9,14.1,14.95,5.57,9.829,3.33
2022-11-02 04:00:00+00:00,266.52,180.21,28.43,28.98,91.51,13.94,13.05,14.4,5.28,9.88,3.2
2022-11-03 04:00:00+00:00,274.56,177.69,29.4,29.06,94.38,14.24,13.04,14.47,5.3,9.83,3.18
2022-11-04 04:00:00+00:00,284.99,180.66,30.25,31.58,96.7,13.72,12.56,14.15,5.37,9.88,3.19
2022-11-07 05:00:00+00:00,286.49,185.58,30.37,30.97,98.02,12.94,11.93,14.23,5.43,9.84,3.02
2022-11-08 05:00:00+00:00,306.01,188.27,32.21,31.81,107.12,13.49,12.19,13.34,5.34,9.83,2.91
2022-11-09 05:00:00+00:00,300.13,184.68,30.49,30.15,103.23,13.35,11.23,12.885,5.14,9.86,2.33
2022-11-10 05:00:00+00:00,320.77,196.61,33.14,32.4,107.75,15.55,12.5,11.77,5.99,9.87,2.64
2022-11-11 05:00:00+00:00,325.38,190.87,33.62,35.38,111.03,15.03,13.38,12.29,6.31,9.82,2.92
2022-11-14 05:00:00+00:00,316.35,186.45,32.22,34.36,104.98,15.46,13.3,12.41,6.28,9.83,3.01
2022-11-15 05:00:00+00:00,295.86,191.23,30.02,35.36,102.5,16.45,13.68,12.21,6.43,9.83,3.22
2022-11-16 05:00:00+00:00,286.77,188.34,29.03,33.37,99.82,16.13,12.88,11.92,6.28,9.83,3.33
2022-11-17 05:00:00+00:00,277.45,182.26,28.13,32.47,90.62,16.02,12.59,12.14,6.2,9.83,3.43
2022-11-18 05:00:00+00:00,276.98,186.21,28.77,32.68,90.23,15.69,12.45,12.04,6.25,9.84,3.57
2022-11-21 05:00:00+00:00,282.88,187.53,28.7,32.08,98.81,14.75,11.71,12.23,5.89,9.86,3.65
2022-11-22 05:00:00+00:00,283.09,192.07,28.94,33.76,97.14,15.01,11.49,12.49,5.92,9.84,4.05
2022-11-23 05:00:00+00:00,283.9,190.64,29.5,34.05,99.38,17.29,11.97,12.55,6.09,9.8408,4.08
2022-11-25 05:00:00+00:00,272.82,190.78,26.9,33.27,92.62,18.56,11.99,12.88,6.1,9.85,4.07
2022-11-28 05:00:00+00:00,266.11,187.26,26.34,31.2,91.0,16.43,11.44,11.94,5.65,9.87,3.71
2022-11-29 05:00:00+00:00,270.02,187.88,26.84,31.08,94.57,16.29,11.53,11.61,5.63,9.9,3.14
2022-11-30 05:00:00+00:00,277.99,188.29,27.99,33.25,99.16,17.18,12.42,12.07,6.1,9.9,3.15
2022-12-01 05:00:00+00:00,275.29,188.72,26.93,32.93,97.12,15.88,12.19,11.14,6.19,9.85,3.13
2022-12-02 05:00:00+00:00,284.28,189.0,28.0,33.75,99.85,16.92,11.64,11.15,6.3,9.885,3.2
2022-12-05 05:00:00+00:00,265.23,181.11,26.27,32.5,95.14,16.09,11.47,11.3,5.95,9.89,3.28
2022-12-06 05:00:00+00:00,257.99,180.12,25.27,30.36,94.03,14.55,10.89,11.12,5.52,9.99,2.85
2022-12-07 05:00:00+00:00,257.61,182.05,25.18,30.83,95.45,14.99,10.76,11.47,5.46,9.94,2.91
2022-12-08 05:00:00+00:00,256.03,178.82,24.31,31.62,91.55,15.3,11.0,11.66,5.51,9.94,3.09
2022-12-09 05:00:00+00:00,253.25,177.31,23.8,30.88,91.45,15.9,10.65,11.37,5.39,9.94,2.8
2022-12-12 05:00:00+00:00,259.36,180.71,23.93,31.39,92.93,17.2,10.99,11.85,5.61,9.95,2.78
2022-12-13 05:00:00+00:00,261.91,180.45,24.33,31.65,93.85,21.73,11.38,12.01,5.69,9.88,3.12
2022-12-14 05:00:00+00:00,247.86,178.1,23.58,31.13,89.97,22.1,11.26,11.91,5.91,9.87,3.03
2022-12-15 05:00:00+00:00,240.5,174.35,22.42,29.27,84.85,20.93,10.65,11.32,5.74,9.89,3.09
2022-12-16 05:00:00+00:00,242.86,166.15,22.24,28.61,85.25,19.93,10.45,11.34,5.65,9.89,3.21
2022-12-19 05:00:00+00:00,233.34,166.2,21.18,27.69,83.88,19.42,9.66,10.6,5.35,9.98,3.16
2022-12-20 05:00:00+00:00,233.5,166.53,21.12,28.55,85.25,19.63,9.52,11.0,5.05,9.9518,3.4
2022-12-21 05:00:00+00:00,232.63,168.84,20.9,28.7,84.34,19.03,9.57,11.21,5.16,9.92,3.19
2022-12-22 05:00:00+00:00,225.98,165.56,20.65,24.6,82.25,17.9,8.9,10.89,4.92,9.91,3.13
2022-12-23 05:00:00+00:00,226.96,166.35,20.76,25.02,82.15,17.07,8.55,11.16,4.79,9.99,3.09
2022-12-27 05:00:00+00:00,214.16,167.97,19.94,24.51,77.77,15.74,8.25,11.07,4.52,9.93,3.07
2022-12-28 05:00:00+00:00,214.04,165.16,19.52,23.67,76.66,15.47,8.31,10.8,4.47,9.96,3.15
2022-12-29 05:00:00+00:00,217.47,167.21,19.8,24.47,78.88,17.05,9.04,10.94,4.71,9.9889,3.06
2022-12-30 05:00:00+00:00,216.86,165.61,19.87,24.28,79.84,17.15,9.53,11.03,4.79,9.98,3.14
2023-01-03 05:00:00+00:00,214.5,168.23,18.98,24.14,76.77,16.21,9.09,10.58,4.73,9.99,3.09
2023-01-04 05:00:00+00:00,223.57,171.59,19.52,24.97,78.19,16.26,9.1,10.68,5.17,10.0,3.37
2023-01-05 05:00:00+00:00,218.61,167.78,18.97,24.83,78.5,15.9,8.92,10.77,5.04,9.98,3.33
2023-01-06 05:00:00+00:00,221.64,169.76,19.55,26.45,79.68,16.43,9.01,10.75,5.12,10.01,3.18
2023-01-09 05:00:00+00:00,224.0,174.65,20.75,27.09,81.91,18.42,9.91,10.85,5.54,10.01,3.01
2023-01-10 05:00:00+00:00,223.9,175.86,20.77,27.86,79.92,19.83,10.08,10.77,5.71,10.01,3.17
2023-01-11 05:00:00+00:00,236.56,174.51,22.83,28.85,84.41,21.35,10.89,10.93,5.77,10.02,3.57
2023-01-12 05:00:00+00:00,243.21,172.4,23.73,29.41,85.06,21.86,11.37,11.55,5.92,10.1098,3.72
2023-01-13 05:00:00+00:00,242.23,173.78,23.8,29.53,83.67,22.08,11.88,11.54,6.03,10.11,3.87
2023-01-17 05:00:00+00:00,243.07,173.48,24.07,29.71,84.54,21.44,12.06,11.6,6.16,10.11,3.89
2023-01-18 05:00:00+00:00,243.8,173.0,24.12,29.46,84.8,21.53,11.93,11.44,6.12,10.09,4.01
2023-01-19 05:00:00+00:00,239.11,173.0,23.45,28.68,84.11,20.9,10.66,11.15,5.49,10.07,3.78
2023-01-20 05:00:00+00:00,248.49,175.89,24.31,30.21,85.98,22.54,11.09,11.6,5.77,10.03,4.09
2023-01-23 05:00:00+00:00,260.64,176.56,25.27,30.78,90.31,24.91,11.87,11.64,6.32,10.06,3.99
2023-01-24 05:00:00+00:00,264.59,178.42,25.55,30.12,92.91,23.1,11.42,11.66,6.23,10.0724,4.07
2023-01-25 05:00:00+00:00,270.98,180.27,25.89,30.47,92.49,22.26,11.41,11.67,6.43,10.07,4.03
2023-01-26 05:00:00+00:00,279.45,182.11,25.59,30.74,93.9,21.175,11.3,11.41,6.24,10.1,4.09
2023-01-27 05:00:00+00:00,281.72,185.12,26.06,31.97,94.61,22.76,12.16,11.51,6.46,10.1,4.42
2023-01-30 05:00:00+00:00,271.98,185.0,25.31,31.58,95.65,23.46,11.7,11.28,6.23,10.15,4.45
2023-01-31 05:00:00+00:00,281.45,188.52,25.92,32.51,97.54,24.14,12.14,11.11,6.53,10.22,4.35
2023-02-01 05:00:00+00:00,285.9,191.82,26.1,33.78,96.6,24.38,12.46,11.12,6.73,10.09,4.56
2023-02-02 05:00:00+00:00,290.15,189.85,26.73,34.63,97.74,22.58,12.97,11.44,6.94,10.43,4.67
2023-02-03 05:00:00+00:00,287.23,191.61,25.97,33.91,97.09,21.69,12.49,11.06,6.6,9.6,4.67
2023-02-06 05:00:00+00:00,276.81,191.61,25.05,33.1,95.06,21.95,12.37,11.03,6.48,9.61,4.86
2023-02-07 05:00:00+00:00,279.34,194.87,25.31,32.69,95.29,22.32,12.44,10.97,6.47,9.97,4.46
2023-02-08 05:00:00+00:00,268.15,191.62,24.74,32.08,93.2,22.1,12.18,10.72,6.38,9.91,4.46
2023-02-09 05:00:00+00:00,267.39,186.98,24.46,31.53,91.88,24.26,11.86,10.54,6.15,,4.46
2023-02-10 05:00:00+00:00,268.29,188.27,24.45,30.77,93.04,21.96,11.26,10.73,6.14,7.3,4.23
2023-02-13 05:00:00+00:00,269.93,191.53,24.67,32.07,94.34,21.83,11.46,10.98,6.19,6.92,4.02
2023-02-14 05:00:00+00:00,270.7,192.68,25.11,33.23,94.67,22.22,12.16,10.97,6.18,6.71,4.17
2023-02-15 05:00:00+00:00,272.79,193.63,27.39,34.41,94.23,23.25,13.38,10.91,6.5,6.52,4.25
2023-02-16 05:00:00+00:00,285.62,193.44,26.81,33.67,95.69,21.38,12.63,10.73,6.17,5.45,3.99
2023-02-17 05:00:00+00:00,258.01,196.41,24.14,32.69,86.24,20.37,12.22,10.52,6.16,4.15,4.05
2023-02-21 05:00:00+00:00,241.96,191.36,23.33,31.51,84.13,18.69,11.38,9.91,5.59,5.49,4.03
2023-02-22 05:00:00+00:00,246.45,191.52,23.33,31.49,83.12,19.16,11.33,9.88,5.72,4.72,4.0
2023-02-23 05:00:00+00:00,253.85,193.46,23.78,31.58,87.5,19.38,11.42,10.08,5.76,4.59,3.99
2023-02-24 05:00:00+00:00,249.52,191.03,23.44,33.0,86.74,18.74,10.45,9.92,5.53,4.51,3.83
2023-02-27 05:00:00+00:00,257.02,192.94,23.91,36.09,89.33,19.15,10.84,10.01,5.65,4.51,3.93
2023-02-28 05:00:00+00:00,254.31,193.96,23.45,35.0,88.75,18.67,11.36,9.86,5.69,4.66,4.02
2023-03-01 05:00:00+00:00,252.64,193.1,23.65,35.82,88.16,19.4,11.08,9.78,5.67,4.2,4.12
2023-03-02 05:00:00+00:00,250.38,195.25,23.4,31.89,86.05,19.2,11.26,9.87,5.48,3.82,4.0
2023-03-03 05:00:00+00:00,259.37,197.47,24.27,33.96,89.86,20.59,11.08,10.28,5.87,3.65,3.95
2023-03-06 05:00:00+00:00,256.89,194.8,23.5,33.4,86.64,20.74,10.74,10.08,5.78,3.4,3.91
2023-03-07 05:00:00+00:00,248.9,196.44,22.97,31.76,84.18,20.54,10.27,10.08,5.66,3.43,3.84
2023-03-08 05:00:00+00:00,253.25,200.08,23.49,31.87,84.41,20.36,10.46,10.07,5.79,3.44,4.11
2023-03-09 05:00:00+00:00,236.75,198.07,21.7,30.1,80.51,19.55,10.19,9.49,5.59,3.21,4.12
2023-03-10 05:00:00+00:00,225.13,190.01,21.32,29.34,78.98,18.08,9.67,9.3,5.28,3.17,3.82
2023-03-13 04:00:00+00:00,222.99,186.62,21.04,29.38,77.75,18.13,9.79,9.23,5.3,3.2,3.52
2023-03-14 04:00:00+00:00,225.36,192.09,21.15,29.2,78.85,17.25,9.44,9.48,5.35,3.37,3.67
2023-03-15 04:00:00+00:00,214.4,185.43,19.91,27.73,72.62,16.5,9.26,9.02,5.03,3.45,3.05
2023-03-16 04:00:00+00:00,214.61,188.72,20.22,27.62,73.46,16.33,9.34,9.51,5.12,3.39,2.82
2023-03-17 04:00:00+00:00,208.49,182.15,19.98,26.86,74.84,15.26,9.34,8.15,4.97,3.46,2.44
2023-03-20 04:00:00+00:00,213.2,185.1,20.46,26.99,77.5,15.56,9.26,7.86,5.05,3.6,2.44
2023-03-21 04:00:00+00:00,222.93,183.38,20.92,27.66,81.92,17.3,9.86,8.28,5.37,3.59,2.41
2023-03-22 04:00:00+00:00,216.11,177.83,20.32,26.39,81.07,16.56,9.84,7.89,5.19,3.63,2.35
2023-03-23 04:00:00+00:00,215.64,173.54,20.34,26.32,81.06,16.07,10.06,7.81,5.38,3.39,2.37
2023-03-24 04:00:00+00:00,217.79,168.84,20.71,25.92,80.96,16.15,9.83,7.74,5.26,3.48,2.26
2023-03-27 04:00:00+00:00,218.88,172.7,20.78,26.53,81.07,15.98,9.72,7.96,5.18,3.5,2.23
2023-03-28 04:00:00+00:00,218.16,174.23,21.49,26.7,82.51,15.84,9.46,7.78,5.17,3.7,2.2
2023-03-29 04:00:00+00:00,224.46,177.32,21.58,27.84,83.35,16.25,10.03,7.81,5.4,3.75,2.31
2023-03-30 04:00:00+00:00,222.44,179.17,21.78,27.62,81.4,18.64,10.15,7.87,5.37,4.26,2.42
2023-03-31 04:00:00+00:00,221.04,182.73,21.72,28.19,81.06,20.25,10.47,7.87,5.57,3.88,2.41
2023-04-03 04:00:00+00:00,218.43,183.33,21.3,28.04,78.11,19.21,10.31,7.82,5.5,3.38,2.44
2023-04-04 04:00:00+00:00,209.57,163.13,20.61,27.29,75.13,19.87,10.02,7.17,5.28,3.35,2.33
2023-04-05 04:00:00+00:00,196.71,161.72,20.27,26.37,73.81,19.19,9.34,6.74,4.98,3.29,2.26
2023-04-06 04:00:00+00:00,194.68,158.66,19.9,26.55,73.36,20.17,9.19,6.82,4.94,3.33,2.2
2023-04-10 04:00:00+00:00,199.82,158.47,20.74,26.7,74.14,19.81,9.35,7.33,5.02,3.38,2.07
2023-04-11 04:00:00+00:00,201.71,159.02,21.54,27.25,76.2,21.05,9.26,7.21,5.2,3.14,2.16
2023-04-12 04:00:00+00:00,201.7,159.48,21.13,26.74,76.59,21.14,8.78,7.0,5.05,3.4,2.13
2023-04-13 04:00:00+00:00,203.01,159.0,21.77,28.27,76.58,21.78,8.55,7.31,5.12,3.86,1.99
2023-04-14 04:00:00+00:00,204.0,157.75,21.75,28.0,79.2,21.35,8.72,7.19,4.97,3.43,2.08
2023-04-17 04:00:00+00:00,205.9,160.15,22.64,27.96,82.34,20.89,9.18,6.83,5.02,3.4,2.08
2023-04-18 04:00:00+00:00,205.27,162.12,22.77,26.3,83.01,20.79,9.05,6.73,4.84,3.42,2.18
2023-04-19 04:00:00+00:00,203.78,162.2,22.7,25.19,79.99,20.18,9.05,6.77,4.76,3.3,2.15
2023-04-20 04:00:00+00:00,193.05,159.5,21.85,24.07,77.91,20.49,8.86,6.76,4.66,3.36,2.2
2023-04-21 04:00:00+00:00,173.75,157.4,20.66,22.74,63.44,20.13,8.84,6.95,4.6,3.4,2.04
2023-04-24 04:00:00+00:00,183.96,158.33,21.91,22.74,67.33,20.25,8.84,6.94,4.6,3.45,2.03
2023-04-25 04:00:00+00:00,176.66,154.43,20.88,22.14,66.36,19.09,8.6,6.5,4.38,3.35,1.99
2023-04-26 04:00:00+00:00,181.2,153.29,21.39,21.53,64.55,17.69,8.54,6.44,4.27,3.35,1.92
2023-04-27 04:00:00+00:00,186.0,154.94,22.01,21.62,67.02,18.1,8.91,6.59,4.35,3.5,1.96
2023-04-28 04:00:00+00:00,185.46,157.38,21.85,21.67,67.48,18.06,8.67,6.65,4.42,3.44,1.92
2023-05-01 04:00:00+00:00,177.27,158.91,20.89,21.56,64.84,17.4,8.46,6.61,4.26,3.39,1.95
2023-05-02 04:00:00+00:00,173.4,159.0,21.02,20.54,64.74,16.94,8.24,6.52,4.22,3.45,1.88
2023-05-03 04:00:00+00:00,172.91,160.57,22.48,20.58,65.16,16.69,8.56,6.51,4.27,3.4,1.97
2023-05-04 04:00:00+00:00,175.65,154.95,22.24,20.51,63.62,16.45,8.71,6.36,4.32,3.3,1.97
2023-05-05 04:00:00+00:00,179.7,157.98,23.19,20.67,67.7,17.93,8.77,6.54,4.64,3.45,2.05
2023-05-08 04:00:00+00:00,185.88,158.27,23.91,21.49,69.0,18.84,9.06,6.37,4.59,3.45,2.15
2023-05-09 04:00:00+00:00,195.17,157.31,24.23,22.33,70.43,19.75,9.01,6.36,4.41,3.4,2.28
2023-05-10 04:00:00+00:00,194.51,157.06,25.5,22.58,71.34,20.01,8.77,6.36,4.25,3.41,2.25
2023-05-11 04:00:00+00:00,198.52,156.81,25.62,21.72,71.3,21.37,8.58,6.06,4.4,3.27,2.19
2023-05-12 04:00:00+00:00,195.79,157.33,25.51,21.31,71.68,22.5,8.23,6.42,4.36,3.42,2.09
2023-05-15 04:00:00+00:00,203.75,158.91,25.35,21.81,73.37,24.74,8.63,6.68,4.52,3.14,2.19
2023-05-16 04:00:00+00:00,205.67,155.2,24.89,21.17,73.53,22.64,8.01,6.1,4.33,3.3,2.3
2023-05-17 04:00:00+00:00,207.99,159.09,25.34,22.09,72.65,23.51,8.33,6.31,4.55,3.53,2.37
2023-05-18 04:00:00+00:00,210.14,160.84,25.38,22.12,72.79,22.45,8.18,6.33,4.53,3.38,2.29
2023-05-19 04:00:00+00:00,204.15,159.17,24.89,21.27,71.08,21.74,7.93,6.29,4.36,3.34,2.21
2023-05-22 04:00:00+00:00,206.5,158.92,24.27,21.82,71.15,22.81,8.31,6.58,4.72,3.39,2.24
2023-05-23 04:00:00+00:00,216.07,158.37,24.56,22.0,71.72,22.89,8.49,6.9,4.57,3.24,2.09
2023-05-24 04:00:00+00:00,212.23,153.66,24.47,22.2,69.07,22.54,8.36,6.73,4.4,3.23,2.13
2023-05-25 04:00:00+00:00,204.97,154.49,23.61,22.23,66.09,22.22,8.32,6.48,4.34,2.9,2.09
2023-05-26 04:00:00+00:00,203.99,155.58,23.9,21.68,66.29,23.11,8.49,6.71,4.3,2.81,2.04
2023-05-30 04:00:00+00:00,201.86,153.62,23.55,21.11,66.87,24.5,9.69,7.04,4.28,2.9,2.08
2023-05-31 04:00:00+00:00,193.53,150.69,23.05,20.72,64.17,24.8,9.67,6.94,4.18,2.94,2.12
2023-06-01 04:00:00+00:00,195.54,153.1,23.46,20.93,66.17,24.2,9.75,6.91,4.3,3.39,2.1
2023-06-02 04:00:00+00:00,208.36,160.04,25.06,22.07,68.31,23.57,9.07,7.24,4.31,3.36,2.19
2023-06-05 04:00:00+00:00,206.17,156.92,24.74,21.85,68.45,24.6,8.75,7.11,4.25,4.0,2.2
2023-06-06 04:00:00+00:00,213.11,160.65,25.48,22.89,70.89,26.87,9.47,7.63,4.36,4.04,2.36
2023-06-07 04:00:00+00:00,218.82,165.19,26.15,22.52,71.26,25.66,9.78,7.82,4.42,4.18,2.3
2023-06-08 04:00:00+00:00,219.62,161.26,26.24,22.18,71.15,25.33,9.61,7.59,4.38,4.01,2.4
2023-06-09 04:00:00+00:00,220.5,159.85,26.15,21.86,70.58,25.74,8.34,7.6,4.31,4.25,2.23
2023-06-12 04:00:00+00:00,218.55,161.72,26.1,21.76,69.28,27.45,8.9,7.46,4.94,4.2,2.81
2023-06-13 04:00:00+00:00,228.85,165.59,27.56,22.75,71.99,28.84,9.62,7.63,5.34,4.21,3.34
2023-06-14 04:00:00+00:00,226.8,167.22,26.54,22.52,70.8,27.42,9.05,7.32,4.68,4.24,2.95
2023-06-15 04:00:00+00:00,230.91,170.33,26.93,23.34,72.0,27.21,9.05,7.3,4.63,4.42,2.96
2023-06-16 04:00:00+00:00,228.17,166.38,26.78,22.77,72.16,26.03,8.88,7.04,4.58,5.3,2.88
2023-06-20 04:00:00+00:00,232.22,164.8,26.95,22.25,71.98,26.46,8.2,6.86,4.53,5.7,2.66
2023-06-21 04:00:00+00:00,230.38,163.64,26.86,21.88,72.58,25.98,7.99,7.13,4.43,6.67,2.6
2023-06-22 04:00:00+00:00,226.0,157.75,26.3,21.94,70.84,25.76,7.6,7.12,4.38,6.35,2.58
2023-06-23 04:00:00+00:00,220.18,160.28,25.86,21.45,69.65,23.88,7.36,7.05,4.3,6.4,2.45
2023-06-26 04:00:00+00:00,225.22,160.41,26.26,21.43,71.3,23.19,7.42,6.96,4.26,6.14,2.41
2023-06-27 04:00:00+00:00,227.07,161.56,26.98,21.93,72.21,24.67,7.87,6.78,4.23,6.97,2.32
2023-06-28 04:00:00+00:00,217.0,160.66,26.38,22.52,70.46,25.76,8.36,7.07,4.33,6.84,2.43
2023-06-29 04:00:00+00:00,218.98,162.46,26.84,22.85,71.47,26.48,8.69,7.43,4.4,6.79,2.48
2023-06-30 04:00:00+00:00,223.09,163.08,27.43,22.88,72.62,26.625,8.79,7.44,4.365,6.83,2.75
2023-07-03 04:00:00+00:00,229.26,163.22,28.21,23.16,76.56,26.15,8.7,7.25,4.355,7.05,2.76
2023-07-05 04:00:00+00:00,229.02,159.26,27.62,24.55,76.27,25.46,8.85,7.315,4.28,6.83,2.9
2023-07-06 04:00:00+00:00,227.57,156.91,26.94,24.3,74.51,24.37,8.66,7.31,4.05,6.9,2.71
2023-07-07 04:00:00+00:00,237.52,161.56,27.4,25.01,79.24,24.38,8.67,7.64,4.08,6.85,2.93
2023-07-10 04:00:00+00:00,239.86,165.16,28.36,25.25,79.37,25.6,9.02,7.85,4.24,6.63,2.92
2023-07-11 04:00:00+00:00,239.09,166.21,28.27,25.31,79.43,25.63,8.93,7.91,4.57,6.11,2.82
2023-07-12 04:00:00+00:00,243.44,167.16,28.45,25.51,80.17,27.25,8.99,8.08,4.45,5.6,2.83
2023-07-13 04:00:00+00:00,241.67,168.38,28.39,25.88,78.43,28.63,8.85,8.14,4.67,5.89,2.9
2023-07-14 04:00:00+00:00,235.27,165.56,28.32,24.63,78.18,27.7,8.26,8.08,4.53,5.92,2.86
2023-07-17 04:00:00+00:00,237.66,165.91,28.61,24.86,79.0,29.11,8.66,8.31,4.7,5.81,2.82
2023-07-18 04:00:00+00:00,237.03,168.5,28.87,24.7,79.4,31.13,8.55,8.42,4.66,6.24,2.84
2023-07-19 04:00:00+00:00,232.52,167.65,27.97,24.08,79.81,30.16,8.69,8.59,4.75,6.19,2.81
2023-07-20 04:00:00+00:00,223.11,166.69,27.69,24.14,78.09,29.73,8.26,8.45,4.65,6.04,2.77
2023-07-21 04:00:00+00:00,215.99,164.05,26.53,23.71,74.48,28.87,8.33,8.34,4.62,6.35,2.67
2023-07-24 04:00:00+00:00,210.8,162.53,24.95,23.82,72.21,28.48,8.34,8.5,4.61,6.56,2.76
2023-07-25 04:00:00+00:00,212.51,161.27,26.07,23.75,75.04,28.07,8.12,8.86,4.52,6.61,2.76
2023-07-26 04:00:00+00:00,210.02,162.25,25.65,24.15,74.53,28.07,8.22,9.05,4.56,6.6,2.75
2023-07-27 04:00:00+00:00,205.95,164.14,24.78,23.33,72.01,27.76,7.93,8.64,4.45,6.58,2.67
2023-07-28 04:00:00+00:00,208.05,166.1,24.6,23.79,74.61,27.33,8.23,8.45,4.64,6.46,2.58
2023-07-31 04:00:00+00:00,212.28,165.24,24.62,23.85,73.69,29.24,8.66,8.75,4.72,6.48,2.66
2023-08-01 04:00:00+00:00,207.99,166.14,24.17,23.08,72.07,28.85,8.4,8.61,4.75,6.48,2.68
2023-08-02 04:00:00+00:00,202.89,167.03,23.5,22.16,70.51,27.63,8.12,8.44,4.46,6.5,2.53
2023-08-03 04:00:00+00:00,199.35,166.2,22.91,22.12,70.31,28.36,8.11,8.54,4.8,6.68,2.62
2023-08-04 04:00:00+00:00,200.09,164.91,23.42,23.36,71.05,28.41,8.05,8.5,4.83,6.43,2.55
2023-08-07 04:00:00+00:00,196.75,167.15,22.73,22.73,69.9,27.15,8.01,8.39,4.67,6.72,2.48
2023-08-08 04:00:00+00:00,195.65,165.13,22.82,22.72,69.77,27.62,7.99,8.5,4.7,6.65,2.4
2023-08-09 04:00:00+00:00,194.22,163.88,23.27,22.96,69.67,27.74,7.97,8.48,4.8,6.17,2.35
2023-08-10 04:00:00+00:00,191.67,166.1,23.38,22.9,68.81,26.02,7.81,9.41,4.6,6.19,2.47
2023-08-11 04:00:00+00:00,187.49,164.58,22.57,23.09,67.39,24.97,7.81,9.41,4.62,6.69,2.36
2023-08-14 04:00:00+00:00,185.54,164.67,22.16,22.96,66.23,24.12,7.81,9.41,4.68,6.69,2.67
2023-08-15 04:00:00+00:00,184.04,160.11,21.53,21.81,65.2,24.34,7.59,9.41,4.4,6.67,2.58
2023-08-16 04:00:00+00:00,181.53,158.51,21.25,21.42,64.69,22.67,7.29,9.42,4.31,6.59,2.46
2023-08-17 04:00:00+00:00,182.68,158.53,21.19,21.3,63.68,21.28,7.2,9.82,4.2,6.33,2.44
2023-08-18 04:00:00+00:00,183.39,158.06,21.2,20.57,63.45,22.83,7.06,9.79,4.19,6.41,2.38
2023-08-21 04:00:00+00:00,188.07,160.08,21.86,20.57,64.94,22.61,6.97,9.52,4.14,6.51,2.38
2023-08-22 04:00:00+00:00,188.16,160.14,21.98,20.37,65.09,23.16,7.02,9.51,4.08,6.4,2.24
2023-08-23 04:00:00+00:00,191.78,161.63,21.97,20.41,66.06,23.91,7.07,9.7,4.06,6.63,2.2
2023-08-24 04:00:00+00:00,190.74,159.13,21.75,19.68,65.16,23.17,6.79,9.57,3.94,6.47,2.15
2023-08-25 04:00:00+00:00,189.74,158.14,21.45,19.62,63.56,23.77,6.83,9.69,4.1,6.32,1.77
2023-08-28 04:00:00+00:00,189.64,159.83,21.19,19.83,61.72,23.96,6.93,9.72,4.17,6.35,1.77
2023-08-29 04:00:00+00:00,197.75,161.69,21.85,20.68,63.0,26.07,7.24,9.91,4.32,6.47,1.7
2023-08-30 04:00:00+00:00,198.59,160.67,21.95,20.33,62.37,26.36,7.32,9.66,4.255,6.53,1.62
2023-08-31 04:00:00+00:00,198.71,161.28,21.47,20.94,62.59,26.35,7.16,9.55,4.2,6.62,1.76
2023-09-01 04:00:00+00:00,200.26,164.56,21.69,21.51,63.2,27.54,7.44,9.69,4.23,6.32,1.79
2023-09-05 04:00:00+00:00,200.8,161.63,21.58,21.53,63.14,27.34,7.26,9.49,4.27,7.14,1.81
2023-09-06 04:00:00+00:00,189.83,161.8,20.59,21.83,62.18,26.79,7.06,9.37,4.13,7.44,1.8
2023-09-07 04:00:00+00:00,187.57,158.68,20.95,21.44,60.89,26.18,6.29,9.4,4.11,7.27,1.79
2023-09-08 04:00:00+00:00,184.43,159.28,20.63,21.42,59.29,26.48,5.72,9.38,4.03,7.39,1.92
2023-09-11 04:00:00+00:00,186.32,158.08,20.47,21.64,59.59,25.43,5.75,9.55,4.06,8.08,2.39
2023-09-12 04:00:00+00:00,184.35,158.46,20.05,21.38,58.15,25.79,5.67,9.58,4.04,7.96,2.45
2023-09-13 04:00:00+00:00,184.58,159.0,19.71,21.71,59.73,25.2,5.8,9.62,4.0,7.94,2.66
2023-09-14 04:00:00+00:00,184.97,160.36,20.17,22.6,61.03,25.44,6.05,9.66,4.31,8.22,2.32
2023-09-15 04:00:00+00:00,183.84,159.59,20.18,22.57,61.45,25.24,5.62,9.57,4.21,8.25,2.78
2023-09-18 04:00:00+00:00,181.62,165.83,20.01,20.83,60.05,24.36,5.37,9.33,3.99,8.22,2.71
2023-09-19 04:00:00+00:00,179.99,166.01,19.42,20.25,59.97,23.95,5.37,9.53,3.98,8.38,2.73
2023-09-20 04:00:00+00:00,174.44,164.7,18.35,20.01,58.8,23.69,5.18,9.26,3.96,6.93,2.99
2023-09-21 04:00:00+00:00,168.94,163.85,17.34,19.8,57.51,22.23,5.09,9.29,3.69,5.43,2.64
2023-09-22 04:00:00+00:00,168.21,164.67,17.7,19.87,56.78,22.15,5.02,9.37,3.65,5.96,2.47
2023-09-25 04:00:00+00:00,166.89,165.32,18.14,19.8,56.38,22.7,4.92,9.56,3.61,5.76,2.37
2023-09-26 04:00:00+00:00,163.65,164.61,17.34,19.22,55.61,22.04,4.85,9.48,3.58,5.49,2.09
2023-09-27 04:00:00+00:00,162.63,166.84,17.09,18.64,54.84,22.25,5.02,9.35,3.56,5.54,2.1
2023-09-28 04:00:00+00:00,172.4,170.12,18.11,19.28,58.24,22.48,4.98,8.9,3.59,5.3,2.1
2023-09-29 04:00:00+00:00,170.04,170.31,18.41,19.1,59.67,22.99,4.97,9.11,3.67,4.67,2.22
2023-10-02 04:00:00+00:00,162.41,167.17,17.44,18.53,56.24,22.38,4.75,9.17,3.43,4.16,2.39
2023-10-03 04:00:00+00:00,156.77,167.38,16.82,17.6,54.56,20.42,4.38,9.33,3.4,3.92,2.55
2023-10-04 04:00:00+00:00,158.4,179.0,17.38,17.36,55.04,21.1,4.4,9.5,3.52,3.82,2.19
2023-10-05 04:00:00+00:00,155.03,179.0,16.88,16.83,53.07,20.62,4.16,9.53,3.41,3.83,2.14
2023-10-06 04:00:00+00:00,159.84,181.66,17.03,16.78,54.48,20.78,4.31,9.55,3.59,3.81,2.16
